Id,Label
0,2
1,13
2,1
3,7
4,5
5,7
6,2
7,2
8,2
9,7
10,7
11,1
12,4
13,7
14,2
15,2
16,3
17,3
18,5
19,2
20,1
21,15
22,2
23,1
24,7
25,5
26,2
27,3
28,3
29,12
30,1
31,2
32,6
33,10
34,5
35,3
36,3
37,6
38,18
39,1
40,1
41,2
42,1
43,3
44,1
45,5
46,4
47,1
48,6
49,9
50,1
51,5
52,3
53,8
54,5
55,10
56,4
57,3
58,3
59,1
60,1
61,1
62,4
63,9
64,6
65,2
66,2
67,3
68,2
69,11
70,4
71,10
72,6
73,5
74,1
75,1
76,2
77,1
78,3
79,2
80,4
81,1
82,3
83,8
84,1
85,2
86,5
87,6
88,10
89,7
90,6
91,3
92,2
93,1
94,12
95,5
96,8
97,2
98,2
99,5
100,18
101,1
102,2
103,6
104,3
105,2
106,2
107,4
108,6
109,8
110,8
111,1
112,5
113,1
114,3
115,2
116,1
117,4
118,10
119,1
120,4
121,1
122,8
123,4
124,4
125,1
126,3
127,11
128,13
129,2
130,5
131,5
132,12
133,4
134,6
135,3
136,3
137,1
138,3
139,4
140,4
141,10
142,6
143,10
144,4
145,5
146,9
147,5
148,2
149,3
150,8
151,3
152,3
153,2
154,11
155,2
156,1
157,4
158,10
159,1
160,7
161,1
162,2
163,2
164,2
165,6
166,2
167,2
168,14
169,3
170,3
171,1
172,2
173,4
174,1
175,14
176,3
177,2
178,1
179,15
180,1
181,2
182,16
183,1
184,1
185,3
186,12
187,2
188,5
189,13
190,3
191,3
192,1
193,4
194,6
195,12
196,2
197,1
198,6
199,1
200,1
201,4
202,3
203,4
204,3
205,3
206,2
207,5
208,8
209,3
210,1
211,9
212,7
213,7
214,7
215,1
216,17
217,1
218,4
219,3
220,3
221,4
222,2
223,11
224,1
225,9
226,2
227,1
228,4
229,3
230,5
231,9
232,2
233,3
234,1
235,3
236,2
237,4
238,4
239,4
240,7
241,4
242,1
243,3
244,4
245,5
246,13
247,7
248,8
249,3
250,7
251,1
252,4
253,3
254,2
255,7
256,11
257,5
258,4
259,2
260,2
261,1
262,10
263,2
264,1
265,1
266,8
267,1
268,2
269,13
270,6
271,1
272,13
273,4
274,1
275,3
276,3
277,2
278,6
279,3
280,4
281,1
282,6
283,5
284,2
285,3
286,5
287,2
288,7
289,4
290,5
291,2
292,3
293,2
294,4
295,7
296,9
297,3
298,2
299,14
300,15
301,4
302,1
303,12
304,8
305,5
306,11
307,1
308,1
309,10
310,3
311,4
312,2
313,4
314,1
315,5
316,10
317,11
318,5
319,8
320,4
321,1
322,7
323,8
324,7
325,1
326,11
327,3
328,6
329,4
330,7
331,2
332,2
333,2
334,4
335,2
336,1
337,4
338,1
339,7
340,3
341,1
342,4
343,6
344,2
345,2
346,1
347,4
348,8
349,1
350,5
351,1
352,5
353,1
354,6
355,5
356,1
357,3
358,1
359,2
360,4
361,6
362,3
363,6
364,1
365,10
366,8
367,4
368,5
369,11
370,1
371,5
372,6
373,2
374,4
375,4
376,2
377,1
378,5
379,10
380,6
381,2
382,3
383,7
384,5
385,14
386,1
387,5
388,1
389,18
390,1
391,2
392,7
393,17
394,1
395,10
396,6
397,6
398,10
399,5
400,2
401,1
402,2
403,5
404,12
405,1
406,5
407,2
408,9
409,5
410,16
411,9
412,5
413,1
414,3
415,6
416,1
417,3
418,5
419,2
420,3
421,9
422,4
423,1
424,1
425,9
426,7
427,2
428,3
429,2
430,5
431,8
432,9
433,15
434,2
435,9
436,1
437,4
438,3
439,5
440,5
441,4
442,5
443,3
444,4
445,4
446,3
447,5
448,9
449,11
450,6
451,6
452,1
453,1
454,12
455,5
456,3
457,3
458,4
459,5
460,2
461,1
462,2
463,1
464,3
465,11
466,3
467,3
468,1
469,1
470,6
471,7
472,1
473,5
474,1
475,5
476,14
477,1
478,3
479,4
480,10
481,15
482,1
483,3
484,4
485,2
486,2
487,2
488,6
489,2
490,2
491,1
492,9
493,1
494,2
495,2
496,4
497,1
498,10
499,4
500,1
501,3
502,2
503,10
504,1
505,4
506,6
507,2
508,7
509,7
510,5
511,4
512,1
513,11
514,2
515,13
516,3
517,7
518,2
519,3
520,1
521,11
522,1
523,5
524,6
525,4
526,2
527,1
528,2
529,4
530,13
531,2
532,3
533,7
534,4
535,17
536,5
537,4
538,10
539,14
540,5
541,5
542,8
543,1
544,3
545,7
546,4
547,3
548,1
549,3
550,8
551,6
552,3
553,3
554,1
555,1
556,5
557,2
558,6
559,7
560,4
561,4
562,5
563,6
564,5
565,1
566,2
567,1
568,7
569,10
570,13
571,2
572,14
573,4
574,7
575,1
576,3
577,5
578,3
579,3
580,9
581,11
582,4
583,1
584,13
585,2
586,3
587,3
588,4
589,5
590,7
591,6
592,1
593,3
594,2
595,2
596,11
597,1
598,1
599,4
600,1
601,8
602,4
603,3
604,2
605,2
606,3
607,7
608,1
609,5
610,5
611,6
612,9
613,3
614,1
615,6
616,9
617,11
618,2
619,3
620,4
621,1
622,6
623,5
624,3
625,2
626,4
627,3
628,4
629,2
630,1
631,5
632,2
633,4
634,9
635,10
636,11
637,3
638,5
639,3
640,2
641,1
642,5
643,1
644,4
645,6
646,3
647,2
648,1
649,2
650,7
651,1
652,7
653,2
654,4
655,1
656,8
657,4
658,6
659,18
660,4
661,2
662,2
663,2
664,6
665,4
666,2
667,1
668,2
669,11
670,5
671,4
672,14
673,3
674,3
675,2
676,2
677,8
678,4
679,4
680,9
681,7
682,2
683,4
684,4
685,3
686,8
687,3
688,9
689,3
690,11
691,3
692,3
693,4
694,1
695,1
696,4
697,8
698,9
699,13
700,4
701,1
702,2
703,2
704,1
705,3
706,4
707,4
708,3
709,1
710,3
711,3
712,4
713,1
714,5
715,1
716,4
717,6
718,3
719,12
720,3
721,1
722,5
723,1
724,15
725,1
726,9
727,1
728,9
729,2
730,4
731,8
732,1
733,9
734,4
735,3
736,4
737,5
738,1
739,1
740,2
741,1
742,2
743,13
744,4
745,1
746,3
747,6
748,4
749,3
750,4
751,3
752,2
753,3
754,3
755,3
756,5
757,3
758,1
759,7
760,11
761,8
762,1
763,4
764,5
765,6
766,3
767,14
768,2
769,5
770,2
771,10
772,3
773,5
774,4
775,8
776,8
777,12
778,7
779,5
780,3
781,13
782,3
783,3
784,2
785,2
786,4
787,8
788,3
789,1
790,3
791,6
792,3
793,2
794,1
795,10
796,1
797,4
798,11
799,3
800,2
801,10
802,3
803,2
804,9
805,1
806,4
807,2
808,8
809,17
810,2
811,5
812,2
813,1
814,3
815,5
816,1
817,2
818,3
819,17
820,1
821,2
822,2
823,2
824,4
825,3
826,6
827,11
828,9
829,3
830,13
831,3
832,1
833,9
834,2
835,17
836,1
837,1
838,6
839,1
840,1
841,4
842,5
843,3
844,14
845,15
846,2
847,2
848,9
849,8
850,5
851,2
852,4
853,8
854,4
855,2
856,9
857,5
858,7
859,6
860,4
861,8
862,4
863,14
864,2
865,3
866,1
867,3
868,9
869,3
870,1
871,3
872,16
873,6
874,18
875,8
876,2
877,15
878,2
879,4
880,1
881,4
882,4
883,2
884,1
885,1
886,6
887,1
888,12
889,8
890,2
891,5
892,3
893,3
894,2
895,4
896,3
897,9
898,8
899,3
900,4
901,5
902,2
903,4
904,14
905,4
906,10
907,6
908,16
909,7
910,1
911,2
912,2
913,1
914,3
915,4
916,5
917,4
918,9
919,1
920,7
921,3
922,1
923,2
924,1
925,3
926,9
927,2
928,6
929,9
930,17
931,4
932,5
933,5
934,3
935,6
936,16
937,1
938,3
939,3
940,4
941,8
942,7
943,10
944,7
945,4
946,7
947,3
948,4
949,2
950,2
951,11
952,5
953,7
954,3
955,1
956,1
957,4
958,1
959,4
960,2
961,3
962,4
963,3
964,3
965,3
966,2
967,14
968,13
969,3
970,5
971,1
972,1
973,2
974,4
975,1
976,9
977,7
978,4
979,17
980,2
981,5
982,13
983,1
984,2
985,2
986,5
987,8
988,1
989,6
990,1
991,3
992,6
993,5
994,16
995,1
996,4
997,2
998,1
999,8
1000,8
1001,5
1002,3
1003,1
1004,2
1005,10
1006,7
1007,4
1008,2
1009,4
1010,9
1011,10
1012,3
1013,2
1014,6
1015,12
1016,4
1017,11
1018,1
1019,2
1020,3
1021,2
1022,6
1023,5
1024,8
1025,1
1026,4
1027,1
1028,8
1029,2
1030,9
1031,3
1032,6
1033,3
1034,2
1035,1
1036,7
1037,3
1038,3
1039,3
1040,1
1041,7
1042,19
1043,5
1044,3
1045,11
1046,1
1047,4
1048,6
1049,4
1050,1
1051,3
1052,4
1053,7
1054,8
1055,9
1056,5
1057,3
1058,1
1059,13
1060,5
1061,2
1062,6
1063,1
1064,5
1065,12
1066,5
1067,2
1068,1
1069,5
1070,4
1071,9
1072,7
1073,7
1074,2
1075,1
1076,5
1077,2
1078,2
1079,8
1080,12
1081,7
1082,5
1083,1
1084,11
1085,3
1086,11
1087,9
1088,2
1089,3
1090,2
1091,4
1092,4
1093,8
1094,2
1095,4
1096,5
1097,1
1098,5
1099,9
1100,3
1101,4
1102,5
1103,15
1104,7
1105,8
1106,4
1107,7
1108,4
1109,8
1110,1
1111,3
1112,1
1113,3
1114,3
1115,10
1116,7
1117,2
1118,1
1119,4
1120,6
1121,1
1122,9
1123,9
1124,5
1125,8
1126,3
1127,8
1128,1
1129,11
1130,1
1131,5
1132,4
1133,18
1134,7
1135,13
1136,4
1137,3
1138,1
1139,7
1140,2
1141,6
1142,1
1143,2
1144,1
1145,4
1146,1
1147,3
1148,7
1149,2
1150,2
1151,2
1152,12
1153,2
1154,1
1155,2
1156,1
1157,9
1158,1
1159,5
1160,3
1161,7
1162,2
1163,7
1164,2
1165,2
1166,9
1167,5
1168,5
1169,2
1170,12
1171,5
1172,4
1173,5
1174,4
1175,1
1176,3
1177,3
1178,1
1179,11
1180,2
1181,4
1182,10
1183,7
1184,1
1185,1
1186,9
1187,3
1188,6
1189,7
1190,1
1191,3
1192,4
1193,7
1194,2
1195,2
1196,8
1197,5
1198,2
1199,1
1200,5
1201,6
1202,3
1203,1
1204,11
1205,2
1206,6
1207,5
1208,1
1209,6
1210,3
1211,3
1212,2
1213,5
1214,11
1215,1
1216,7
1217,11
1218,1
1219,6
1220,4
1221,2
1222,6
1223,5
1224,5
1225,6
1226,8
1227,8
1228,2
1229,1
1230,2
1231,1
1232,8
1233,10
1234,9
1235,7
1236,2
1237,7
1238,11
1239,13
1240,7
1241,1
1242,2
1243,16
1244,6
1245,4
1246,4
1247,7
1248,1
1249,3
1250,11
1251,3
1252,3
1253,15
1254,10
1255,2
1256,2
1257,2
1258,3
1259,9
1260,6
1261,8
1262,1
1263,2
1264,1
1265,3
1266,2
1267,4
1268,2
1269,1
1270,9
1271,1
1272,1
1273,3
1274,11
1275,3
1276,2
1277,2
1278,1
1279,2
1280,13
1281,6
1282,5
1283,3
1284,17
1285,12
1286,4
1287,5
1288,2
1289,1
1290,10
1291,16
1292,9
1293,9
1294,7
1295,3
1296,9
1297,4
1298,6
1299,5
1300,13
1301,6
1302,7
1303,2
1304,1
1305,1
1306,1
1307,7
1308,12
1309,1
1310,1
1311,10
1312,3
1313,1
1314,8
1315,3
1316,4
1317,4
1318,3
1319,2
1320,7
1321,2
1322,5
1323,3
1324,1
1325,2
1326,6
1327,3
1328,1
1329,9
1330,3
1331,4
1332,1
1333,2
1334,3
1335,2
1336,4
1337,1
1338,2
1339,1
1340,4
1341,1
1342,1
1343,8
1344,4
1345,1
1346,9
1347,4
1348,10
1349,4
1350,3
1351,1
1352,3
1353,7
1354,2
1355,6
1356,4
1357,2
1358,10
1359,1
1360,9
1361,2
1362,7
1363,2
1364,2
1365,11
1366,12
1367,8
1368,1
1369,3
1370,1
1371,2
1372,1
1373,7
1374,2
1375,5
1376,2
1377,4
1378,9
1379,2
1380,1
1381,7
1382,3
1383,10
1384,1
1385,2
1386,14
1387,8
1388,12
1389,4
1390,1
1391,2
1392,5
1393,1
1394,10
1395,5
1396,1
1397,4
1398,1
1399,2
1400,2
1401,1
1402,9
1403,8
1404,7
1405,10
1406,7
1407,14
1408,2
1409,2
1410,2
1411,10
1412,3
1413,1
1414,2
1415,5
1416,2
1417,9
1418,1
1419,2
1420,9
1421,3
1422,1
1423,3
1424,3
1425,7
1426,2
1427,4
1428,3
1429,2
1430,5
1431,3
1432,7
1433,6
1434,5
1435,1
1436,3
1437,12
1438,1
1439,6
1440,3
1441,4
1442,1
1443,8
1444,2
1445,1
1446,1
1447,3
1448,5
1449,11
1450,12
1451,8
1452,4
1453,5
1454,1
1455,17
1456,6
1457,9
1458,8
1459,2
1460,1
1461,2
1462,9
1463,6
1464,10
1465,2
1466,4
1467,3
1468,1
1469,14
1470,1
1471,1
1472,5
1473,3
1474,11
1475,4
1476,16
1477,1
1478,2
1479,3
1480,9
1481,16
1482,4
1483,15
1484,7
1485,1
1486,2
1487,3
1488,6
1489,4
1490,4
1491,5
1492,3
1493,4
1494,10
1495,2
1496,4
1497,3
1498,6
1499,6
1500,3
1501,2
1502,1
1503,5
1504,6
1505,1
1506,2
1507,3
1508,11
1509,4
1510,2
1511,8
1512,5
1513,1
1514,13
1515,1
1516,11
1517,1
1518,9
1519,5
1520,1
1521,3
1522,3
1523,4
1524,3
1525,4
1526,5
1527,2
1528,1
1529,2
1530,5
1531,4
1532,3
1533,5
1534,1
1535,8
1536,3
1537,3
1538,1
1539,6
1540,2
1541,1
1542,1
1543,2
1544,5
1545,3
1546,1
1547,1
1548,12
1549,3
1550,12
1551,1
1552,6
1553,2
1554,3
1555,3
1556,2
1557,5
1558,2
1559,1
1560,1
1561,10
1562,8
1563,3
1564,1
1565,5
1566,11
1567,7
1568,2
1569,15
1570,8
1571,1
1572,7
1573,3
1574,5
1575,5
1576,3
1577,4
1578,1
1579,4
1580,10
1581,3
1582,6
1583,3
1584,3
1585,4
1586,5
1587,6
1588,3
1589,1
1590,15
1591,2
1592,2
1593,3
1594,2
1595,10
1596,1
1597,4
1598,8
1599,7
1600,9
1601,5
1602,2
1603,3
1604,2
1605,1
1606,7
1607,7
1608,2
1609,4
1610,8
1611,7
1612,11
1613,1
1614,9
1615,2
1616,4
1617,2
1618,2
1619,3
1620,3
1621,11
1622,8
1623,2
1624,3
1625,2
1626,3
1627,8
1628,6
1629,1
1630,1
1631,5
1632,3
1633,5
1634,1
1635,8
1636,2
1637,9
1638,12
1639,6
1640,1
1641,2
1642,1
1643,8
1644,10
1645,2
1646,2
1647,4
1648,3
1649,5
1650,5
1651,1
1652,8
1653,1
1654,3
1655,3
1656,3
1657,8
1658,2
1659,4
1660,5
1661,1
1662,4
1663,2
1664,1
1665,2
1666,3
1667,10
1668,6
1669,17
1670,6
1671,12
1672,2
1673,4
1674,3
1675,2
1676,2
1677,3
1678,3
1679,1
1680,10
1681,4
1682,2
1683,8
1684,2
1685,7
1686,2
1687,3
1688,7
1689,1
1690,8
1691,3
1692,7
1693,3
1694,9
1695,3
1696,2
1697,3
1698,5
1699,1
1700,5
1701,3
1702,1
1703,1
1704,3
1705,8
1706,1
1707,16
1708,1
1709,4
1710,2
1711,1
1712,13
1713,2
1714,3
1715,3
1716,5
1717,5
1718,3
1719,2
1720,1
1721,1
1722,3
1723,5
1724,2
1725,6
1726,7
1727,5
1728,1
1729,3
1730,5
1731,4
1732,7
1733,2
1734,1
1735,5
1736,3
1737,4
1738,1
1739,5
1740,4
1741,4
1742,2
1743,1
1744,3
1745,3
1746,3
1747,2
1748,2
1749,10
1750,4
1751,4
1752,1
1753,10
1754,7
1755,2
1756,5
1757,2
1758,5
1759,1
1760,3
1761,2
1762,2
1763,3
1764,3
1765,2
1766,3
1767,6
1768,16
1769,1
1770,4
1771,15
1772,13
1773,6
1774,3
1775,7
1776,3
1777,3
1778,1
1779,15
1780,8
1781,4
1782,1
1783,14
1784,9
1785,2
1786,14
1787,2
1788,7
1789,2
1790,1
1791,9
1792,5
1793,1
1794,7
1795,1
1796,3
1797,4
1798,7
1799,2
1800,1
1801,5
1802,1
1803,17
1804,2
1805,3
1806,3
1807,1
1808,2
1809,6
1810,8
1811,4
1812,2
1813,16
1814,2
1815,1
1816,1
1817,5
1818,2
1819,3
1820,11
1821,5
1822,1
1823,9
1824,3
1825,7
1826,1
1827,3
1828,2
1829,1
1830,1
1831,4
1832,3
1833,1
1834,5
1835,6
1836,11
1837,1
1838,1
1839,4
1840,4
1841,5
1842,1
1843,4
1844,4
1845,5
1846,5
1847,3
1848,1
1849,12
1850,1
1851,5
1852,7
1853,10
1854,4
1855,6
1856,1
1857,1
1858,8
1859,11
1860,1
1861,1
1862,1
1863,1
1864,1
1865,3
1866,11
1867,6
1868,4
1869,3
1870,4
1871,3
1872,5
1873,2
1874,5
1875,11
1876,3
1877,2
1878,13
1879,2
1880,3
1881,19
1882,2
1883,3
1884,3
1885,1
1886,4
1887,2
1888,4
1889,7
1890,2
1891,2
1892,1
1893,8
1894,4
1895,7
1896,13
1897,6
1898,4
1899,8
1900,9
1901,12
1902,2
1903,2
1904,1
1905,1
1906,2
1907,8
1908,3
1909,4
1910,8
1911,9
1912,4
1913,5
1914,5
1915,11
1916,6
1917,2
1918,5
1919,1
1920,2
1921,4
1922,6
1923,5
1924,8
1925,8
1926,13
1927,2
1928,3
1929,1
1930,6
1931,9
1932,8
1933,5
1934,2
1935,2
1936,2
1937,8
1938,7
1939,5
1940,1
1941,14
1942,4
1943,1
1944,6
1945,3
1946,5
1947,6
1948,6
1949,4
1950,16
1951,3
1952,3
1953,15
1954,4
1955,6
1956,1
1957,9
1958,3
1959,5
1960,3
1961,13
1962,8
1963,2
1964,5
1965,3
1966,8
1967,2
1968,17
1969,9
1970,11
1971,4
1972,1
1973,1
1974,5
1975,14
1976,6
1977,2
1978,1
1979,1
1980,2
1981,3
1982,1
1983,8
1984,1
1985,2
1986,12
1987,2
1988,3
1989,2
1990,11
1991,2
1992,6
1993,2
1994,1
1995,4
1996,4
1997,4
1998,12
1999,1
2000,2
2001,3
2002,2
2003,4
2004,2
2005,4
2006,3
2007,2
2008,3
2009,4
2010,1
2011,11
2012,16
2013,2
2014,8
2015,4
2016,15
2017,6
2018,13
2019,3
2020,2
2021,6
2022,3
2023,1
2024,13
2025,7
2026,2
2027,4
2028,2
2029,5
2030,7
2031,10
2032,7
2033,5
2034,9
2035,1
2036,1
2037,10
2038,3
2039,9
2040,12
2041,1
2042,2
2043,3
2044,3
2045,5
2046,10
2047,1
2048,1
2049,5
2050,2
2051,3
2052,4
2053,5
2054,3
2055,7
2056,3
2057,5
2058,9
2059,2
2060,11
2061,9
2062,16
2063,3
2064,2
2065,3
2066,2
2067,4
2068,9
2069,3
2070,8
2071,1
2072,1
2073,12
2074,1
2075,11
2076,10
2077,13
2078,3
2079,3
2080,3
2081,5
2082,1
2083,8
2084,2
2085,9
2086,1
2087,1
2088,2
2089,2
2090,5
2091,1
2092,3
2093,3
2094,12
2095,2
2096,16
2097,4
2098,1
2099,13
2100,7
2101,9
2102,2
2103,1
2104,11
2105,4
2106,2
2107,7
2108,2
2109,1
2110,6
2111,1
2112,16
2113,7
2114,9
2115,2
2116,13
2117,1
2118,4
2119,4
2120,2
2121,2
2122,8
2123,2
2124,1
2125,12
2126,4
2127,4
2128,4
2129,4
2130,13
2131,4
2132,2
2133,2
2134,2
2135,3
2136,6
2137,8
2138,5
2139,3
2140,1
2141,6
2142,2
2143,6
2144,1
2145,1
2146,2
2147,6
2148,10
2149,10
2150,3
2151,1
2152,5
2153,1
2154,1
2155,3
2156,1
2157,2
2158,1
2159,2
2160,2
2161,2
2162,5
2163,9
2164,2
2165,1
2166,4
2167,5
2168,3
2169,1
2170,9
2171,10
2172,1
2173,4
2174,2
2175,16
2176,1
2177,2
2178,2
2179,4
2180,11
2181,4
2182,8
2183,3
2184,3
2185,5
2186,9
2187,5
2188,2
2189,2
2190,5
2191,1
2192,3
2193,4
2194,3
2195,4
2196,9
2197,1
2198,4
2199,2
2200,13
2201,6
2202,16
2203,11
2204,4
2205,7
2206,10
2207,1
2208,7
2209,2
2210,14
2211,4
2212,10
2213,10
2214,3
2215,1
2216,4
2217,2
2218,1
2219,7
2220,6
2221,7
2222,2
2223,10
2224,6
2225,2
2226,3
2227,5
2228,5
2229,3
2230,3
2231,5
2232,5
2233,3
2234,1
2235,2
2236,4
2237,7
2238,3
2239,9
2240,11
2241,1
2242,2
2243,7
2244,6
2245,4
2246,7
2247,7
2248,3
2249,2
2250,3
2251,3
2252,1
2253,3
2254,13
2255,1
2256,7
2257,2
2258,4
2259,13
2260,14
2261,3
2262,5
2263,1
2264,1
2265,12
2266,2
2267,2
2268,14
2269,17
2270,4
2271,2
2272,2
2273,3
2274,7
2275,4
2276,1
2277,5
2278,1
2279,4
2280,1
2281,3
2282,5
2283,1
2284,7
2285,3
2286,13
2287,2
2288,2
2289,4
2290,8
2291,2
2292,4
2293,3
2294,2
2295,10
2296,11
2297,10
2298,1
2299,3
2300,11
2301,5
2302,3
2303,4
2304,3
2305,7
2306,12
2307,3
2308,10
2309,5
2310,3
2311,1
2312,3
2313,14
2314,3
2315,2
2316,1
2317,2
2318,6
2319,2
2320,5
2321,11
2322,1
2323,2
2324,6
2325,3
2326,4
2327,2
2328,2
2329,3
2330,2
2331,1
2332,2
2333,5
2334,6
2335,10
2336,3
2337,4
2338,4
2339,3
2340,5
2341,2
2342,3
2343,2
2344,2
2345,4
2346,1
2347,4
2348,2
2349,5
2350,13
2351,4
2352,1
2353,3
2354,2
2355,1
2356,6
2357,4
2358,6
2359,2
2360,1
2361,2
2362,2
2363,3
2364,1
2365,3
2366,1
2367,1
2368,4
2369,2
2370,3
2371,3
2372,9
2373,3
2374,5
2375,1
2376,2
2377,3
2378,3
2379,2
2380,3
2381,4
2382,2
2383,2
2384,1
2385,11
2386,3
2387,2
2388,2
2389,5
2390,5
2391,1
2392,8
2393,6
2394,3
2395,3
2396,1
2397,14
2398,8
2399,8
2400,7
2401,2
2402,7
2403,2
2404,1
2405,7
2406,5
2407,4
2408,2
2409,2
2410,7
2411,10
2412,2
2413,4
2414,5
2415,3
2416,2
2417,8
2418,10
2419,1
2420,3
2421,1
2422,4
2423,5
2424,2
2425,1
2426,8
2427,3
2428,4
2429,3
2430,1
2431,10
2432,2
2433,1
2434,5
2435,8
2436,2
2437,5
2438,4
2439,11
2440,15
2441,2
2442,11
2443,3
2444,7
2445,6
2446,1
2447,9
2448,4
2449,2
2450,8
2451,1
2452,2
2453,2
2454,5
2455,3
2456,6
2457,2
2458,8
2459,3
2460,11
2461,1
2462,10
2463,1
2464,9
2465,6
2466,4
2467,6
2468,2
2469,3
2470,3
2471,2
2472,3
2473,3
2474,1
2475,2
2476,5
2477,6
2478,9
2479,9
2480,7
2481,1
2482,1
2483,5
2484,2
2485,1
2486,1
2487,1
2488,5
2489,5
2490,5
2491,3
2492,4
2493,11
2494,2
2495,2
2496,3
2497,6
2498,1
2499,1
2500,10
2501,2
2502,1
2503,1
2504,3
2505,3
2506,2
2507,5
2508,2
2509,14
2510,7
2511,3
2512,2
2513,1
2514,9
2515,8
2516,7
2517,4
2518,13
2519,2
2520,4
2521,1
2522,4
2523,5
2524,4
2525,2
2526,6
2527,8
2528,2
2529,1
2530,5
2531,2
2532,1
2533,5
2534,16
2535,1
2536,5
2537,5
2538,3
2539,6
2540,11
2541,9
2542,3
2543,1
2544,16
2545,1
2546,5
2547,1
2548,7
2549,2
2550,1
2551,1
2552,2
2553,3
2554,1
2555,4
2556,12
2557,6
2558,7
2559,3
2560,3
2561,11
2562,1
2563,5
2564,4
2565,3
2566,7
2567,10
2568,8
2569,3
2570,2
2571,2
2572,5
2573,6
2574,3
2575,2
2576,6
2577,1
2578,15
2579,2
2580,7
2581,7
2582,10
2583,11
2584,8
2585,1
2586,1
2587,14
2588,2
2589,4
2590,3
2591,8
2592,5
2593,3
2594,4
2595,5
2596,10
2597,4
2598,2
2599,6
2600,1
2601,1
2602,2
2603,2
2604,4
2605,2
2606,1
2607,2
2608,3
2609,8
2610,2
2611,5
2612,9
2613,1
2614,5
2615,1
2616,7
2617,1
2618,2
2619,3
2620,1
2621,7
2622,5
2623,12
2624,4
2625,3
2626,3
2627,1
2628,1
2629,6
2630,7
2631,2
2632,3
2633,1
2634,8
2635,1
2636,6
2637,16
2638,1
2639,2
2640,2
2641,2
2642,9
2643,3
2644,3
2645,11
2646,6
2647,1
2648,6
2649,1
2650,7
2651,1
2652,3
2653,10
2654,14
2655,9
2656,2
2657,5
2658,11
2659,1
2660,1
2661,8
2662,4
2663,8
2664,1
2665,17
2666,2
2667,4
2668,2
2669,3
2670,1
2671,5
2672,5
2673,2
2674,2
2675,1
2676,4
2677,4
2678,9
2679,7
2680,2
2681,2
2682,2
2683,4
2684,2
2685,1
2686,6
2687,5
2688,2
2689,4
2690,7
2691,3
2692,5
2693,3
2694,9
2695,10
2696,5
2697,3
2698,1
2699,5
2700,5
2701,4
2702,5
2703,1
2704,1
2705,2
2706,7
2707,4
2708,2
2709,5
2710,7
2711,2
2712,17
2713,14
2714,3
2715,1
2716,1
2717,4
2718,1
2719,2
2720,3
2721,1
2722,7
2723,3
2724,11
2725,3
2726,1
2727,11
2728,1
2729,8
2730,5
2731,7
2732,6
2733,1
2734,1
2735,5
2736,2
2737,7
2738,3
2739,8
2740,7
2741,8
2742,1
2743,4
2744,2
2745,3
2746,3
2747,5
2748,4
2749,8
2750,1
2751,2
2752,2
2753,5
2754,8
2755,11
2756,3
2757,2
2758,2
2759,3
2760,1
2761,4
2762,4
2763,4
2764,3
2765,1
2766,1
2767,14
2768,8
2769,2
2770,9
2771,6
2772,3
2773,2
2774,8
2775,1
2776,9
2777,3
2778,4
2779,11
2780,3
2781,1
2782,3
2783,5
2784,10
2785,4
2786,8
2787,6
2788,1
2789,7
2790,1
2791,4
2792,1
2793,5
2794,1
2795,4
2796,16
2797,3
2798,1
2799,4
2800,2
2801,2
2802,4
2803,5
2804,3
2805,1
2806,14
2807,5
2808,3
2809,3
2810,6
2811,2
2812,3
2813,2
2814,2
2815,3
2816,5
2817,1
2818,5
2819,2
2820,3
2821,7
2822,2
2823,2
2824,4
2825,1
2826,4
2827,2
2828,2
2829,1
2830,1
2831,3
2832,5
2833,3
2834,6
2835,5
2836,2
2837,16
2838,11
2839,15
2840,4
2841,1
2842,1
2843,1
2844,4
2845,2
2846,4
2847,7
2848,5
2849,7
2850,17
2851,1
2852,3
2853,3
2854,9
2855,6
2856,5
2857,3
2858,1
2859,4
2860,5
2861,1
2862,15
2863,3
2864,2
2865,8
2866,5
2867,2
2868,1
2869,7
2870,3
2871,5
2872,1
2873,8
2874,1
2875,10
2876,1
2877,2
2878,8
2879,10
2880,4
2881,2
2882,10
2883,2
2884,4
2885,2
2886,3
2887,5
2888,3
2889,3
2890,5
2891,3
2892,4
2893,1
2894,1
2895,2
2896,5
2897,2
2898,3
2899,2
2900,5
2901,1
2902,3
2903,15
2904,1
2905,5
2906,5
2907,2
2908,1
2909,2
2910,10
2911,17
2912,11
2913,4
2914,5
2915,5
2916,3
2917,4
2918,4
2919,2
2920,3
2921,6
2922,7
2923,8
2924,4
2925,1
2926,2
2927,1
2928,1
2929,5
2930,4
2931,2
2932,1
2933,2
2934,4
2935,2
2936,2
2937,1
2938,1
2939,11
2940,1
2941,3
2942,1
2943,6
2944,3
2945,12
2946,4
2947,3
2948,1
2949,1
2950,3
2951,14
2952,9
2953,9
2954,10
2955,3
2956,6
2957,9
2958,1
2959,4
2960,2
2961,11
2962,6
2963,8
2964,1
2965,6
2966,7
2967,4
2968,2
2969,8
2970,12
2971,3
2972,9
2973,3
2974,2
2975,2
2976,1
2977,11
2978,9
2979,11
2980,1
2981,2
2982,6
2983,5
2984,4
2985,2
2986,5
2987,8
2988,11
2989,5
2990,1
2991,3
2992,2
2993,5
2994,6
2995,7
2996,3
2997,3
2998,4
2999,5
3000,2
3001,12
3002,9
3003,3
3004,1
3005,5
3006,3
3007,6
3008,12
3009,1
3010,14
3011,2
3012,4
3013,7
3014,2
3015,3
3016,1
3017,1
3018,5
3019,3
3020,5
3021,4
3022,3
3023,2
3024,1
3025,3
3026,1
3027,5
3028,12
3029,3
3030,4
3031,1
3032,10
3033,6
3034,5
3035,4
3036,5
3037,7
3038,1
3039,5
3040,6
3041,7
3042,12
3043,3
3044,3
3045,3
3046,5
3047,1
3048,2
3049,7
3050,3
3051,1
3052,17
3053,6
3054,2
3055,10
3056,11
3057,7
3058,1
3059,2
3060,4
3061,4
3062,2
3063,2
3064,2
3065,5
3066,5
3067,2
3068,10
3069,9
3070,1
3071,4
3072,5
3073,7
3074,2
3075,1
3076,3
3077,5
3078,4
3079,5
3080,2
3081,2
3082,1
3083,9
3084,13
3085,3
3086,2
3087,5
3088,1
3089,10
3090,8
3091,2
3092,9
3093,5
3094,2
3095,1
3096,1
3097,7
3098,11
3099,4
3100,1
3101,6
3102,4
3103,8
3104,5
3105,5
3106,4
3107,11
3108,1
3109,10
3110,3
3111,3
3112,1
3113,3
3114,2
3115,3
3116,1
3117,7
3118,4
3119,2
3120,3
3121,7
3122,3
3123,4
3124,5
3125,1
3126,9
3127,3
3128,9
3129,3
3130,1
3131,1
3132,2
3133,6
3134,5
3135,11
3136,1
3137,9
3138,6
3139,8
3140,1
3141,11
3142,9
3143,3
3144,5
3145,11
3146,1
3147,4
3148,6
3149,4
3150,12
3151,2
3152,3
3153,11
3154,6
3155,2
3156,1
3157,1
3158,1
3159,6
3160,5
3161,6
3162,4
3163,13
3164,1
3165,3
3166,5
3167,2
3168,2
3169,3
3170,4
3171,5
3172,2
3173,7
3174,2
3175,1
3176,5
3177,4
3178,10
3179,6
3180,1
3181,15
3182,1
3183,2
3184,6
3185,3
3186,11
3187,9
3188,3
3189,4
3190,1
3191,2
3192,2
3193,4
3194,11
3195,6
3196,13
3197,3
3198,2
3199,1
3200,7
3201,12
3202,12
3203,8
3204,13
3205,1
3206,3
3207,5
3208,5
3209,5
3210,11
3211,8
3212,2
3213,12
3214,1
3215,4
3216,4
3217,1
3218,5
3219,4
3220,7
3221,5
3222,9
3223,9
3224,7
3225,4
3226,1
3227,9
3228,3
3229,1
3230,1
3231,10
3232,3
3233,9
3234,1
3235,5
3236,3
3237,6
3238,2
3239,2
3240,10
3241,3
3242,3
3243,6
3244,8
3245,2
3246,2
3247,2
3248,5
3249,2
3250,9
3251,1
3252,5
3253,11
3254,8
3255,3
3256,3
3257,12
3258,4
3259,2
3260,1
3261,2
3262,6
3263,2
3264,3
3265,1
3266,3
3267,6
3268,4
3269,11
3270,10
3271,1
3272,2
3273,4
3274,3
3275,3
3276,6
3277,3
3278,1
3279,4
3280,4
3281,3
3282,2
3283,7
3284,4
3285,1
3286,15
3287,7
3288,13
3289,4
3290,1
3291,7
3292,3
3293,1
3294,8
3295,15
3296,3
3297,1
3298,2
3299,2
3300,6
3301,8
3302,7
3303,14
3304,7
3305,5
3306,5
3307,7
3308,4
3309,1
3310,4
3311,2
3312,12
3313,2
3314,6
3315,3
3316,1
3317,4
3318,5
3319,2
3320,3
3321,1
3322,12
3323,14
3324,1
3325,1
3326,1
3327,3
3328,3
3329,2
3330,14
3331,2
3332,2
3333,2
3334,1
3335,6
3336,4
3337,5
3338,12
3339,3
3340,1
3341,2
3342,3
3343,2
3344,1
3345,5
3346,5
3347,3
3348,3
3349,1
3350,6
3351,3
3352,14
3353,4
3354,2
3355,1
3356,6
3357,4
3358,10
3359,3
3360,2
3361,4
3362,8
3363,7
3364,1
3365,8
3366,6
3367,6
3368,2
3369,1
3370,6
3371,2
3372,1
3373,9
3374,5
3375,7
3376,14
3377,8
3378,2
3379,3
3380,6
3381,8
3382,4
3383,4
3384,3
3385,9
3386,4
3387,12
3388,1
3389,2
3390,7
3391,3
3392,3
3393,7
3394,6
3395,1
3396,3
3397,1
3398,2
3399,1
3400,4
3401,5
3402,4
3403,11
3404,1
3405,7
3406,5
3407,2
3408,2
3409,1
3410,2
3411,9
3412,11
3413,1
3414,10
3415,2
3416,4
3417,1
3418,8
3419,4
3420,8
3421,4
3422,7
3423,4
3424,10
3425,2
3426,5
3427,1
3428,1
3429,1
3430,4
3431,10
3432,1
3433,1
3434,3
3435,2
3436,11
3437,3
3438,9
3439,1
3440,1
3441,7
3442,5
3443,5
3444,4
3445,2
3446,3
3447,3
3448,1
3449,3
3450,1
3451,5
3452,2
3453,10
3454,1
3455,10
3456,2
3457,8
3458,1
3459,2
3460,2
3461,2
3462,1
3463,7
3464,2
3465,1
3466,2
3467,1
3468,3
3469,3
3470,5
3471,1
3472,3
3473,9
3474,4
3475,4
3476,2
3477,2
3478,16
3479,12
3480,1
3481,1
3482,2
3483,1
3484,2
3485,8
3486,4
3487,3
3488,2
3489,5
3490,9
3491,2
3492,2
3493,4
3494,1
3495,2
3496,16
3497,3
3498,5
3499,12
3500,3
3501,2
3502,4
3503,2
3504,1
3505,11
3506,2
3507,7
3508,3
3509,1
3510,6
3511,4
3512,3
3513,4
3514,3
3515,3
3516,2
3517,3
3518,4
3519,3
3520,7
3521,8
3522,6
3523,6
3524,3
3525,4
3526,1
3527,4
3528,1
3529,6
3530,4
3531,9
3532,4
3533,1
3534,4
3535,1
3536,2
3537,1
3538,2
3539,1
3540,4
3541,6
3542,2
3543,2
3544,13
3545,5
3546,14
3547,3
3548,13
3549,2
3550,7
3551,6
3552,10
3553,2
3554,2
3555,10
3556,6
3557,3
3558,8
3559,3
3560,1
3561,1
3562,6
3563,1
3564,14
3565,1
3566,6
3567,2
3568,3
3569,6
3570,2
3571,4
3572,3
3573,2
3574,3
3575,2
3576,1
3577,9
3578,3
3579,1
3580,10
3581,1
3582,2
3583,3
3584,4
3585,2
3586,9
3587,3
3588,4
3589,6
3590,8
3591,2
3592,4
3593,1
3594,2
3595,10
3596,11
3597,8
3598,7
3599,5
3600,7
3601,2
3602,1
3603,9
3604,8
3605,13
3606,6
3607,2
3608,5
3609,8
3610,2
3611,1
3612,9
3613,13
3614,1
3615,4
3616,7
3617,14
3618,6
3619,2
3620,5
3621,5
3622,14
3623,4
3624,12
3625,10
3626,2
3627,5
3628,1
3629,3
3630,6
3631,8
3632,2
3633,3
3634,3
3635,8
3636,3
3637,4
3638,7
3639,5
3640,5
3641,9
3642,4
3643,2
3644,3
3645,10
3646,1
3647,3
3648,8
3649,10
3650,2
3651,4
3652,7
3653,4
3654,2
3655,1
3656,7
3657,1
3658,3
3659,8
3660,1
3661,2
3662,4
3663,4
3664,1
3665,8
3666,5
3667,1
3668,6
3669,4
3670,3
3671,15
3672,3
3673,10
3674,5
3675,2
3676,8
3677,7
3678,4
3679,3
3680,3
3681,7
3682,3
3683,1
3684,1
3685,3
3686,3
3687,8
3688,2
3689,2
3690,1
3691,3
3692,9
3693,5
3694,5
3695,5
3696,7
3697,7
3698,1
3699,4
3700,3
3701,6
3702,2
3703,6
3704,11
3705,1
3706,10
3707,5
3708,11
3709,7
3710,2
3711,13
3712,12
3713,3
3714,3
3715,3
3716,6
3717,1
3718,2
3719,3
3720,1
3721,2
3722,4
3723,11
3724,2
3725,1
3726,1
3727,5
3728,6
3729,1
3730,5
3731,5
3732,3
3733,1
3734,9
3735,3
3736,4
3737,3
3738,2
3739,6
3740,2
3741,2
3742,7
3743,6
3744,3
3745,5
3746,1
3747,3
3748,1
3749,5
3750,1
3751,2
3752,3
3753,6
3754,3
3755,17
3756,7
3757,2
3758,1
3759,6
3760,6
3761,2
3762,1
3763,12
3764,9
3765,3
3766,10
3767,16
3768,3
3769,3
3770,4
3771,4
3772,2
3773,5
3774,7
3775,7
3776,1
3777,1
3778,4
3779,11
3780,2
3781,12
3782,7
3783,11
3784,10
3785,1
3786,3
3787,4
3788,2
3789,1
3790,8
3791,4
3792,5
3793,4
3794,11
3795,4
3796,2
3797,7
3798,1
3799,4
3800,7
3801,1
3802,2
3803,13
3804,11
3805,2
3806,2
3807,8
3808,1
3809,1
3810,6
3811,9
3812,8
3813,1
3814,3
3815,3
3816,2
3817,9
3818,1
3819,5
3820,9
3821,3
3822,2
3823,15
3824,4
3825,3
3826,8
3827,9
3828,1
3829,2
3830,4
3831,2
3832,2
3833,7
3834,3
3835,11
3836,2
3837,1
3838,10
3839,4
3840,3
3841,2
3842,2
3843,1
3844,1
3845,3
3846,10
3847,3
3848,1
3849,5
3850,2
3851,4
3852,2
3853,4
3854,9
3855,6
3856,5
3857,3
3858,7
3859,11
3860,3
3861,1
3862,6
3863,3
3864,8
3865,1
3866,4
3867,1
3868,3
3869,4
3870,4
3871,5
3872,2
3873,6
3874,4
3875,6
3876,2
3877,9
3878,13
3879,1
3880,1
3881,8
3882,10
3883,3
3884,1
3885,3
3886,3
3887,3
3888,4
3889,15
3890,6
3891,3
3892,3
3893,1
3894,4
3895,2
3896,10
3897,8
3898,14
3899,2
3900,2
3901,12
3902,1
3903,2
3904,4
3905,2
3906,9
3907,2
3908,16
3909,7
3910,11
3911,3
3912,1
3913,3
3914,4
3915,1
3916,5
3917,10
3918,11
3919,8
3920,13
3921,10
3922,3
3923,1
3924,3
3925,2
3926,1
3927,2
3928,6
3929,4
3930,4
3931,6
3932,9
3933,6
3934,3
3935,13
3936,8
3937,4
3938,4
3939,1
3940,7
3941,11
3942,5
3943,1
3944,2
3945,9
3946,9
3947,10
3948,4
3949,3
3950,2
3951,13
3952,1
3953,2
3954,1
3955,8
3956,1
3957,10
3958,4
3959,2
3960,3
3961,2
3962,4
3963,15
3964,10
3965,5
3966,3
3967,1
3968,8
3969,5
3970,2
3971,3
3972,7
3973,4
3974,3
3975,4
3976,1
3977,1
3978,11
3979,1
3980,4
3981,11
3982,15
3983,8
3984,4
3985,1
3986,2
3987,3
3988,2
3989,10
3990,1
3991,2
3992,1
3993,5
3994,1
3995,2
3996,3
3997,2
3998,5
3999,4
4000,10
4001,4
4002,12
4003,7
4004,4
4005,4
4006,10
4007,6
4008,5
4009,1
4010,5
4011,18
4012,6
4013,6
4014,1
4015,10
4016,5
4017,2
4018,3
4019,10
4020,8
4021,9
4022,5
4023,7
4024,1
4025,3
4026,2
4027,2
4028,2
4029,3
4030,6
4031,8
4032,1
4033,5
4034,9
4035,5
4036,2
4037,2
4038,2
4039,3
4040,5
4041,14
4042,3
4043,6
4044,14
4045,2
4046,4
4047,8
4048,1
4049,2
4050,1
4051,1
4052,2
4053,2
4054,5
4055,1
4056,8
4057,1
4058,4
4059,1
4060,2
4061,1
4062,1
4063,7
4064,4
4065,6
4066,3
4067,2
4068,12
4069,8
4070,9
4071,3
4072,8
4073,5
4074,5
4075,5
4076,5
4077,1
4078,2
4079,8
4080,9
4081,7
4082,7
4083,7
4084,1
4085,5
4086,1
4087,12
4088,17
4089,3
4090,2
4091,13
4092,3
4093,4
4094,6
4095,5
4096,10
4097,3
4098,1
4099,4
4100,1
4101,1
4102,10
4103,1
4104,7
4105,4
4106,8
4107,2
4108,1
4109,1
4110,6
4111,11
4112,6
4113,12
4114,2
4115,1
4116,7
4117,8
4118,2
4119,1
4120,3
4121,1
4122,4
4123,9
4124,9
4125,4
4126,3
4127,2
4128,9
4129,7
4130,10
4131,5
4132,19
4133,2
4134,3
4135,1
4136,13
4137,2
4138,2
4139,2
4140,2
4141,4
4142,14
4143,10
4144,3
4145,1
4146,4
4147,4
4148,6
4149,19
4150,3
4151,4
4152,1
4153,1
4154,1
4155,6
4156,5
4157,14
4158,1
4159,7
4160,6
4161,2
4162,2
4163,1
4164,2
4165,7
4166,18
4167,14
4168,2
4169,8
4170,11
4171,1
4172,1
4173,3
4174,2
4175,2
4176,18
4177,7
4178,3
4179,1
4180,4
4181,4
4182,4
4183,6
4184,16
4185,4
4186,7
4187,3
4188,1
4189,3
4190,15
4191,1
4192,5
4193,1
4194,5
4195,10
4196,7
4197,2
4198,4
4199,8
4200,3
4201,1
4202,1
4203,2
4204,3
4205,3
4206,5
4207,3
4208,7
4209,1
4210,2
4211,2
4212,3
4213,3
4214,13
4215,2
4216,1
4217,10
4218,1
4219,11
4220,6
4221,4
4222,8
4223,5
4224,4
4225,2
4226,2
4227,2
4228,8
4229,2
4230,10
4231,3
4232,4
4233,4
4234,9
4235,2
4236,4
4237,9
4238,2
4239,12
4240,10
4241,3
4242,9
4243,6
4244,1
4245,2
4246,1
4247,2
4248,1
4249,6
4250,8
4251,2
4252,2
4253,8
4254,1
4255,1
4256,5
4257,10
4258,2
4259,2
4260,1
4261,9
4262,17
4263,1
4264,3
4265,6
4266,1
4267,8
4268,1
4269,8
4270,1
4271,4
4272,2
4273,2
4274,3
4275,6
4276,3
4277,1
4278,2
4279,12
4280,2
4281,2
4282,2
4283,4
4284,1
4285,4
4286,3
4287,3
4288,9
4289,1
4290,3
4291,3
4292,3
4293,5
4294,1
4295,14
4296,5
4297,4
4298,3
4299,6
4300,5
4301,6
4302,3
4303,7
4304,7
4305,4
4306,14
4307,7
4308,2
4309,5
4310,6
4311,3
4312,4
4313,2
4314,2
4315,7
4316,9
4317,5
4318,6
4319,8
4320,3
4321,2
4322,1
4323,2
4324,5
4325,4
4326,5
4327,9
4328,3
4329,16
4330,2
4331,8
4332,3
4333,7
4334,9
4335,8
4336,2
4337,6
4338,3
4339,11
4340,8
4341,14
4342,3
4343,10
4344,2
4345,3
4346,6
4347,4
4348,1
4349,5
4350,2
4351,3
4352,4
4353,4
4354,9
4355,3
4356,5
4357,7
4358,3
4359,5
4360,8
4361,4
4362,2
4363,1
4364,10
4365,5
4366,6
4367,2
4368,1
4369,10
4370,7
4371,6
4372,11
4373,6
4374,9
4375,3
4376,2
4377,3
4378,5
4379,1
4380,2
4381,7
4382,7
4383,13
4384,2
4385,3
4386,9
4387,4
4388,7
4389,3
4390,3
4391,1
4392,3
4393,4
4394,11
4395,2
4396,15
4397,9
4398,4
4399,2
4400,3
4401,6
4402,13
4403,3
4404,5
4405,5
4406,5
4407,4
4408,1
4409,7
4410,4
4411,1
4412,5
4413,12
4414,1
4415,8
4416,5
4417,3
4418,15
4419,5
4420,2
4421,4
4422,11
4423,3
4424,2
4425,4
4426,13
4427,4
4428,2
4429,6
4430,1
4431,7
4432,9
4433,8
4434,1
4435,1
4436,17
4437,1
4438,10
4439,1
4440,2
4441,11
4442,10
4443,4
4444,2
4445,2
4446,3
4447,6
4448,2
4449,4
4450,12
4451,9
4452,5
4453,4
4454,1
4455,3
4456,11
4457,3
4458,2
4459,3
4460,1
4461,2
4462,6
4463,6
4464,1
4465,8
4466,2
4467,1
4468,4
4469,7
4470,8
4471,1
4472,3
4473,9
4474,3
4475,16
4476,16
4477,10
4478,4
4479,1
4480,9
4481,7
4482,5
4483,1
4484,2
4485,3
4486,2
4487,4
4488,1
4489,13
4490,9
4491,1
4492,10
4493,2
4494,2
4495,5
4496,2
4497,1
4498,4
4499,3
4500,11
4501,5
4502,14
4503,4
4504,1
4505,3
4506,14
4507,2
4508,1
4509,2
4510,2
4511,7
4512,6
4513,4
4514,3
4515,3
4516,3
4517,4
4518,4
4519,2
4520,1
4521,3
4522,5
4523,4
4524,9
4525,6
4526,15
4527,6
4528,2
4529,2
4530,1
4531,1
4532,4
4533,8
4534,4
4535,4
4536,5
4537,1
4538,7
4539,1
4540,1
4541,7
4542,11
4543,5
4544,6
4545,9
4546,2
4547,4
4548,5
4549,3
4550,6
4551,7
4552,6
4553,7
4554,4
4555,2
4556,9
4557,3
4558,2
4559,8
4560,1
4561,2
4562,7
4563,6
4564,2
4565,7
4566,2
4567,4
4568,5
4569,4
4570,2
4571,5
4572,5
4573,5
4574,2
4575,2
4576,2
4577,2
4578,12
4579,1
4580,6
4581,6
4582,5
4583,13
4584,2
4585,8
4586,4
4587,6
4588,2
4589,1
4590,5
4591,2
4592,3
4593,3
4594,4
4595,9
4596,3
4597,8
4598,9
4599,9
4600,1
4601,6
4602,3
4603,2
4604,1
4605,1
4606,9
4607,1
4608,8
4609,10
4610,1
4611,3
4612,6
4613,2
4614,10
4615,15
4616,3
4617,18
4618,3
4619,1
4620,11
4621,3
4622,1
4623,5
4624,18
4625,5
4626,5
4627,1
4628,7
4629,10
4630,2
4631,2
4632,2
4633,2
4634,6
4635,5
4636,2
4637,3
4638,2
4639,3
4640,5
4641,2
4642,6
4643,4
4644,9
4645,6
4646,1
4647,1
4648,7
4649,10
4650,9
4651,4
4652,1
4653,3
4654,6
4655,5
4656,2
4657,9
4658,2
4659,1
4660,6
4661,13
4662,4
4663,11
4664,3
4665,8
4666,1
4667,2
4668,3
4669,3
4670,1
4671,13
4672,7
4673,1
4674,4
4675,7
4676,5
4677,4
4678,5
4679,10
4680,5
4681,2
4682,4
4683,7
4684,4
4685,2
4686,9
4687,1
4688,8
4689,1
4690,4
4691,1
4692,5
4693,4
4694,3
4695,1
4696,4
4697,8
4698,12
4699,7
4700,1
4701,6
4702,1
4703,2
4704,8
4705,1
4706,6
4707,11
4708,3
4709,9
4710,5
4711,6
4712,2
4713,1
4714,1
4715,4
4716,8
4717,17
4718,4
4719,10
4720,4
4721,5
4722,2
4723,12
4724,2
4725,9
4726,9
4727,3
4728,3
4729,4
4730,7
4731,1
4732,1
4733,10
4734,5
4735,4
4736,4
4737,2
4738,9
4739,1
4740,1
4741,5
4742,4
4743,6
4744,7
4745,13
4746,5
4747,2
4748,1
4749,4
4750,4
4751,15
4752,5
4753,3
4754,1
4755,7
4756,11
4757,5
4758,10
4759,4
4760,2
4761,1
4762,4
4763,2
4764,5
4765,9
4766,5
4767,2
4768,7
4769,6
4770,2
4771,1
4772,1
4773,3
4774,7
4775,10
4776,2
4777,6
4778,11
4779,5
4780,1
4781,8
4782,4
4783,7
4784,10
4785,1
4786,3
4787,5
4788,7
4789,3
4790,1
4791,4
4792,5
4793,3
4794,9
4795,14
4796,2
4797,4
4798,9
4799,1
4800,4
4801,12
4802,1
4803,3
4804,2
4805,2
4806,1
4807,5
4808,5
4809,3
4810,4
4811,3
4812,1
4813,14
4814,9
4815,3
4816,2
4817,2
4818,2
4819,3
4820,11
4821,6
4822,7
4823,6
4824,1
4825,9
4826,2
4827,5
4828,7
4829,3
4830,4
4831,2
4832,4
4833,4
4834,6
4835,6
4836,2
4837,1
4838,1
4839,1
4840,8
4841,7
4842,3
4843,2
4844,10
4845,10
4846,3
4847,3
4848,3
4849,3
4850,10
4851,2
4852,13
4853,1
4854,8
4855,4
4856,6
4857,2
4858,2
4859,4
4860,1
4861,1
4862,6
4863,2
4864,1
4865,16
4866,2
4867,2
4868,5
4869,4
4870,1
4871,5
4872,1
4873,1
4874,8
4875,4
4876,8
4877,2
4878,5
4879,14
4880,3
4881,5
4882,3
4883,5
4884,6
4885,9
4886,6
4887,10
4888,1
4889,3
4890,3
4891,5
4892,3
4893,5
4894,1
4895,12
4896,10
4897,1
4898,10
4899,1
4900,3
4901,5
4902,4
4903,4
4904,7
4905,7
4906,6
4907,4
4908,3
4909,6
4910,1
4911,5
4912,3
4913,2
4914,9
4915,13
4916,11
4917,6
4918,4
4919,7
4920,11
4921,10
4922,16
4923,3
4924,3
4925,4
4926,10
4927,10
4928,1
4929,11
4930,3
4931,3
4932,1
4933,5
4934,2
4935,4
4936,5
4937,2
4938,6
4939,1
4940,5
4941,2
4942,2
4943,2
4944,7
4945,1
4946,5
4947,2
4948,11
4949,2
4950,2
4951,1
4952,3
4953,8
4954,2
4955,1
4956,1
4957,14
4958,17
4959,1
4960,1
4961,12
4962,3
4963,7
4964,4
4965,3
4966,1
4967,3
4968,11
4969,1
4970,4
4971,9
4972,4
4973,5
4974,2
4975,7
4976,10
4977,3
4978,6
4979,12
4980,5
4981,4
4982,10
4983,3
4984,1
4985,8
4986,4
4987,5
4988,4
4989,3
4990,4
4991,4
4992,1
4993,1
4994,1
4995,5
4996,10
4997,5
4998,3
4999,10
5000,1
5001,4
5002,5
5003,1
5004,3
5005,2
5006,2
5007,11
5008,9
5009,14
5010,7
5011,4
5012,2
5013,7
5014,5
5015,7
5016,10
5017,14
5018,3
5019,1
5020,2
5021,1
5022,5
5023,5
5024,9
5025,4
5026,1
5027,2
5028,3
5029,5
5030,2
5031,9
5032,7
5033,1
5034,16
5035,4
5036,4
5037,2
5038,1
5039,5
5040,2
5041,4
5042,1
5043,5
5044,4
5045,4
5046,1
5047,3
5048,4
5049,1
5050,8
5051,4
5052,1
5053,6
5054,3
5055,3
5056,1
5057,4
5058,5
5059,12
5060,1
5061,7
5062,7
5063,10
5064,9
5065,3
5066,10
5067,2
5068,1
5069,2
5070,13
5071,3
5072,1
5073,2
5074,8
5075,3
5076,1
5077,3
5078,1
5079,3
5080,1
5081,2
5082,7
5083,2
5084,2
5085,8
5086,2
5087,13
5088,5
5089,9
5090,1
5091,2
5092,5
5093,10
5094,1
5095,3
5096,2
5097,4
5098,2
5099,12
5100,1
5101,7
5102,8
5103,2
5104,5
5105,3
5106,2
5107,8
5108,4
5109,3
5110,14
5111,2
5112,3
5113,5
5114,4
5115,9
5116,2
5117,2
5118,9
5119,2
5120,10
5121,2
5122,7
5123,8
5124,1
5125,4
5126,4
5127,3
5128,4
5129,8
5130,2
5131,5
5132,3
5133,1
5134,4
5135,2
5136,14
5137,8
5138,1
5139,2
5140,1
5141,1
5142,4
5143,5
5144,7
5145,6
5146,5
5147,1
5148,2
5149,1
5150,3
5151,1
5152,1
5153,2
5154,1
5155,9
5156,8
5157,4
5158,16
5159,5
5160,8
5161,3
5162,7
5163,1
5164,6
5165,2
5166,1
5167,1
5168,11
5169,2
5170,3
5171,2
5172,12
5173,4
5174,5
5175,8
5176,2
5177,2
5178,3
5179,9
5180,3
5181,1
5182,1
5183,1
5184,1
5185,7
5186,3
5187,3
5188,4
5189,1
5190,9
5191,2
5192,2
5193,11
5194,3
5195,1
5196,1
5197,2
5198,2
5199,4
5200,10
5201,2
5202,2
5203,8
5204,3
5205,4
5206,3
5207,7
5208,7
5209,2
5210,9
5211,3
5212,1
5213,5
5214,4
5215,4
5216,1
5217,2
5218,1
5219,7
5220,1
5221,9
5222,4
5223,18
5224,2
5225,2
5226,4
5227,5
5228,3
5229,4
5230,1
5231,7
5232,7
5233,1
5234,1
5235,2
5236,6
5237,11
5238,2
5239,3
5240,5
5241,7
5242,2
5243,4
5244,6
5245,8
5246,17
5247,1
5248,3
5249,7
5250,1
5251,5
5252,4
5253,9
5254,6
5255,18
5256,5
5257,1
5258,11
5259,5
5260,7
5261,7
5262,9
5263,13
5264,5
5265,5
5266,12
5267,2
5268,2
5269,1
5270,3
5271,4
5272,3
5273,2
5274,1
5275,9
5276,11
5277,1
5278,7
5279,2
5280,11
5281,8
5282,13
5283,13
5284,9
5285,7
5286,1
5287,5
5288,6
5289,3
5290,4
5291,7
5292,4
5293,5
5294,7
5295,4
5296,5
5297,1
5298,4
5299,5
5300,2
5301,5
5302,2
5303,7
5304,2
5305,10
5306,3
5307,4
5308,3
5309,1
5310,3
5311,1
5312,5
5313,9
5314,4
5315,1
5316,2
5317,2
5318,1
5319,2
5320,4
5321,4
5322,10
5323,6
5324,1
5325,3
5326,9
5327,1
5328,7
5329,2
5330,7
5331,4
5332,5
5333,6
5334,9
5335,1
5336,2
5337,9
5338,9
5339,1
5340,4
5341,2
5342,3
5343,9
5344,13
5345,1
5346,5
5347,2
5348,5
5349,10
5350,2
5351,6
5352,10
5353,5
5354,8
5355,12
5356,4
5357,1
5358,6
5359,5
5360,1
5361,2
5362,2
5363,9
5364,2
5365,1
5366,5
5367,4
5368,1
5369,1
5370,1
5371,2
5372,1
5373,8
5374,2
5375,8
5376,3
5377,8
5378,6
5379,4
5380,4
5381,2
5382,3
5383,2
5384,7
5385,3
5386,4
5387,2
5388,7
5389,2
5390,2
5391,4
5392,1
5393,5
5394,8
5395,2
5396,1
5397,14
5398,1
5399,3
5400,11
5401,5
5402,2
5403,1
5404,8
5405,5
5406,2
5407,4
5408,1
5409,10
5410,4
5411,5
5412,1
5413,4
5414,1
5415,1
5416,1
5417,1
5418,9
5419,6
5420,3
5421,14
5422,2
5423,3
5424,14
5425,2
5426,13
5427,11
5428,8
5429,5
5430,1
5431,2
5432,2
5433,6
5434,2
5435,2
5436,10
5437,1
5438,13
5439,4
5440,2
5441,4
5442,2
5443,1
5444,2
5445,9
5446,2
5447,1
5448,2
5449,3
5450,12
5451,2
5452,9
5453,3
5454,7
5455,3
5456,2
5457,3
5458,6
5459,1
5460,2
5461,4
5462,2
5463,14
5464,1
5465,4
5466,4
5467,13
5468,5
5469,3
5470,2
5471,3
5472,2
5473,9
5474,1
5475,2
5476,4
5477,2
5478,8
5479,4
5480,4
5481,1
5482,4
5483,2
5484,4
5485,1
5486,6
5487,3
5488,2
5489,6
5490,11
5491,2
5492,4
5493,1
5494,1
5495,6
5496,3
5497,1
5498,11
5499,1
5500,6
5501,4
5502,4
5503,2
5504,2
5505,1
5506,5
5507,1
5508,8
5509,7
5510,10
5511,5
5512,1
5513,1
5514,7
5515,1
5516,5
5517,4
5518,1
5519,1
5520,6
5521,2
5522,3
5523,2
5524,6
5525,1
5526,6
5527,15
5528,1
5529,5
5530,8
5531,2
5532,9
5533,3
5534,1
5535,13
5536,1
5537,13
5538,1
5539,4
5540,4
5541,9
5542,3
5543,6
5544,3
5545,4
5546,4
5547,2
5548,5
5549,8
5550,2
5551,3
5552,9
5553,2
5554,3
5555,1
5556,4
5557,6
5558,10
5559,14
5560,2
5561,10
5562,6
5563,6
5564,1
5565,3
5566,2
5567,2
5568,16
5569,9
5570,1
5571,1
5572,1
5573,3
5574,8
5575,6
5576,1
5577,3
5578,4
5579,6
5580,4
5581,7
5582,1
5583,1
5584,2
5585,2
5586,3
5587,3
5588,5
5589,7
5590,2
5591,8
5592,18
5593,2
5594,1
5595,3
5596,4
5597,2
5598,5
5599,3
5600,7
5601,4
5602,3
5603,8
5604,11
5605,5
5606,4
5607,5
5608,4
5609,1
5610,8
5611,1
5612,4
5613,3
5614,11
5615,2
5616,6
5617,6
5618,7
5619,8
5620,1
5621,3
5622,1
5623,1
5624,8
5625,8
5626,1
5627,5
5628,9
5629,2
5630,3
5631,4
5632,4
5633,10
5634,7
5635,1
5636,1
5637,4
5638,4
5639,5
5640,18
5641,3
5642,1
5643,14
5644,2
5645,3
5646,7
5647,2
5648,6
5649,4
5650,3
5651,1
5652,6
5653,7
5654,2
5655,1
5656,4
5657,5
5658,3
5659,2
5660,3
5661,6
5662,1
5663,9
5664,12
5665,4
5666,13
5667,5
5668,1
5669,3
5670,3
5671,3
5672,7
5673,5
5674,1
5675,7
5676,4
5677,2
5678,3
5679,6
5680,10
5681,2
5682,9
5683,2
5684,6
5685,2
5686,1
5687,5
5688,7
5689,1
5690,11
5691,7
5692,1
5693,2
5694,2
5695,1
5696,6
5697,4
5698,3
5699,7
5700,12
5701,1
5702,10
5703,8
5704,7
5705,5
5706,13
5707,5
5708,5
5709,2
5710,4
5711,2
5712,1
5713,8
5714,8
5715,3
5716,7
5717,11
5718,2
5719,3
5720,3
5721,8
5722,11
5723,1
5724,2
5725,6
5726,2
5727,3
5728,3
5729,4
5730,9
5731,8
5732,2
5733,3
5734,9
5735,11
5736,1
5737,1
5738,5
5739,2
5740,14
5741,6
5742,13
5743,2
5744,1
5745,7
5746,4
5747,4
5748,1
5749,1
5750,3
5751,5
5752,3
5753,5
5754,6
5755,7
5756,2
5757,9
5758,9
5759,1
5760,2
5761,2
5762,1
5763,1
5764,16
5765,4
5766,5
5767,9
5768,2
5769,3
5770,7
5771,2
5772,12
5773,7
5774,15
5775,5
5776,1
5777,5
5778,1
5779,5
5780,2
5781,6
5782,15
5783,4
5784,11
5785,7
5786,11
5787,3
5788,1
5789,5
5790,1
5791,2
5792,9
5793,4
5794,2
5795,6
5796,7
5797,1
5798,6
5799,1
5800,2
5801,4
5802,2
5803,14
5804,9
5805,4
5806,16
5807,1
5808,7
5809,5
5810,4
5811,3
5812,2
5813,2
5814,3
5815,1
5816,2
5817,6
5818,6
5819,2
5820,9
5821,11
5822,4
5823,2
5824,10
5825,2
5826,2
5827,3
5828,2
5829,1
5830,1
5831,10
5832,7
5833,5
5834,3
5835,4
5836,2
5837,13
5838,3
5839,4
5840,5
5841,1
5842,9
5843,1
5844,4
5845,10
5846,8
5847,7
5848,1
5849,10
5850,6
5851,2
5852,8
5853,7
5854,4
5855,1
5856,4
5857,3
5858,4
5859,1
5860,3
5861,2
5862,3
5863,5
5864,2
5865,3
5866,7
5867,4
5868,2
5869,3
5870,3
5871,4
5872,1
5873,12
5874,3
5875,2
5876,3
5877,1
5878,5
5879,19
5880,17
5881,6
5882,17
5883,3
5884,1
5885,6
5886,4
5887,3
5888,6
5889,2
5890,8
5891,1
5892,3
5893,3
5894,1
5895,1
5896,5
5897,5
5898,1
5899,8
5900,1
5901,6
5902,5
5903,2
5904,14
5905,9
5906,3
5907,2
5908,5
5909,2
5910,1
5911,1
5912,5
5913,6
5914,3
5915,14
5916,2
5917,4
5918,1
5919,3
5920,4
5921,10
5922,1
5923,3
5924,1
5925,1
5926,11
5927,6
5928,4
5929,2
5930,5
5931,5
5932,7
5933,10
5934,2
5935,8
5936,3
5937,5
5938,2
5939,8
5940,1
5941,2
5942,6
5943,8
5944,7
5945,2
5946,4
5947,2
5948,7
5949,2
5950,1
5951,3
5952,6
5953,3
5954,5
5955,4
5956,4
5957,8
5958,2
5959,4
5960,1
5961,6
5962,2
5963,14
5964,5
5965,1
5966,2
5967,8
5968,5
5969,13
5970,1
5971,2
5972,2
5973,2
5974,10
5975,6
5976,3
5977,5
5978,1
5979,10
5980,5
5981,5
5982,1
5983,6
5984,14
5985,4
5986,1
5987,3
5988,4
5989,6
5990,5
5991,1
5992,7
5993,5
5994,5
5995,2
5996,8
5997,6
5998,2
5999,5
6000,3
6001,7
6002,9
6003,3
6004,3
6005,4
6006,5
6007,3
6008,1
6009,3
6010,8
6011,1
6012,5
6013,4
6014,5
6015,3
6016,4
6017,3
6018,10
6019,8
6020,14
6021,10
6022,6
6023,3
6024,4
6025,12
6026,8
6027,7
6028,15
6029,13
6030,6
6031,8
6032,1
6033,9
6034,2
6035,3
6036,15
6037,7
6038,2
6039,2
6040,6
6041,15
6042,3
6043,2
6044,19
6045,1
6046,3
6047,2
6048,3
6049,3
6050,1
6051,5
6052,2
6053,9
6054,7
6055,1
6056,5
6057,1
6058,4
6059,2
6060,6
6061,3
6062,2
6063,17
6064,4
6065,2
6066,7
6067,1
6068,1
6069,1
6070,3
6071,2
6072,5
6073,5
6074,5
6075,1
6076,2
6077,3
6078,9
6079,2
6080,5
6081,2
6082,4
6083,1
6084,5
6085,8
6086,9
6087,2
6088,3
6089,8
6090,8
6091,5
6092,1
6093,2
6094,1
6095,1
6096,2
6097,4
6098,1
6099,3
6100,4
6101,2
6102,14
6103,3
6104,2
6105,6
6106,5
6107,3
6108,1
6109,4
6110,3
6111,10
6112,2
6113,2
6114,1
6115,1
6116,2
6117,1
6118,2
6119,8
6120,3
6121,14
6122,9
6123,13
6124,4
6125,6
6126,8
6127,5
6128,8
6129,1
6130,3
6131,2
6132,13
6133,3
6134,11
6135,5
6136,5
6137,1
6138,7
6139,7
6140,3
6141,3
6142,5
6143,10
6144,17
6145,3
6146,7
6147,14
6148,6
6149,4
6150,10
6151,11
6152,1
6153,1
6154,3
6155,12
6156,6
6157,3
6158,5
6159,7
6160,6
6161,4
6162,5
6163,6
6164,4
6165,3
6166,3
6167,4
6168,7
6169,7
6170,1
6171,5
6172,1
6173,6
6174,6
6175,5
6176,7
6177,1
6178,1
6179,3
6180,1
6181,3
6182,3
6183,5
6184,4
6185,9
6186,5
6187,1
6188,3
6189,11
6190,9
6191,2
6192,4
6193,1
6194,1
6195,2
6196,1
6197,5
6198,1
6199,1
6200,3
6201,2
6202,5
6203,3
6204,3
6205,17
6206,8
6207,3
6208,1
6209,5
6210,2
6211,2
6212,6
6213,9
6214,13
6215,15
6216,4
6217,7
6218,16
6219,8
6220,2
6221,6
6222,4
6223,14
6224,1
6225,2
6226,1
6227,1
6228,5
6229,1
6230,4
6231,3
6232,2
6233,1
6234,5
6235,16
6236,3
6237,2
6238,3
6239,3
6240,2
6241,12
6242,4
6243,2
6244,3
6245,3
6246,2
6247,3
6248,7
6249,3
6250,1
6251,4
6252,9
6253,6
6254,6
6255,10
6256,2
6257,3
6258,2
6259,2
6260,5
6261,1
6262,2
6263,3
6264,9
6265,4
6266,4
6267,8
6268,2
6269,2
6270,9
6271,7
6272,3
6273,9
6274,12
6275,2
6276,3
6277,5
6278,4
6279,1
6280,7
6281,3
6282,4
6283,3
6284,11
6285,13
6286,2
6287,1
6288,3
6289,1
6290,1
6291,1
6292,4
6293,4
6294,8
6295,2
6296,2
6297,5
6298,12
6299,2
6300,13
6301,4
6302,6
6303,1
6304,4
6305,3
6306,3
6307,8
6308,2
6309,4
6310,1
6311,5
6312,3
6313,2
6314,13
6315,3
6316,3
6317,5
6318,2
6319,14
6320,10
6321,6
6322,1
6323,8
6324,3
6325,1
6326,11
6327,3
6328,2
6329,4
6330,4
6331,1
6332,1
6333,1
6334,1
6335,8
6336,3
6337,11
6338,6
6339,3
6340,3
6341,4
6342,6
6343,3
6344,2
6345,1
6346,1
6347,2
6348,4
6349,2
6350,4
6351,3
6352,3
6353,3
6354,7
6355,5
6356,2
6357,7
6358,6
6359,4
6360,5
6361,11
6362,6
6363,6
6364,8
6365,1
6366,5
6367,5
6368,1
6369,2
6370,3
6371,8
6372,5
6373,4
6374,1
6375,1
6376,1
6377,1
6378,7
6379,2
6380,7
6381,2
6382,2
6383,9
6384,1
6385,6
6386,2
6387,6
6388,14
6389,9
6390,7
6391,7
6392,4
6393,8
6394,1
6395,3
6396,1
6397,5
6398,3
6399,1
6400,2
6401,6
6402,1
6403,3
6404,6
6405,3
6406,5
6407,4
6408,9
6409,5
6410,3
6411,4
6412,1
6413,2
6414,3
6415,4
6416,1
6417,2
6418,7
6419,2
6420,2
6421,4
6422,1
6423,4
6424,3
6425,2
6426,7
6427,1
6428,15
6429,5
6430,3
6431,1
6432,2
6433,6
6434,1
6435,2
6436,1
6437,4
6438,9
6439,7
6440,10
6441,11
6442,8
6443,1
6444,2
6445,3
6446,8
6447,3
6448,1
6449,1
6450,2
6451,3
6452,1
6453,5
6454,2
6455,5
6456,1
6457,4
6458,2
6459,5
6460,4
6461,5
6462,9
6463,1
6464,2
6465,1
6466,3
6467,12
6468,4
6469,7
6470,5
6471,2
6472,1
6473,12
6474,2
6475,2
6476,3
6477,3
6478,6
6479,1
6480,5
6481,3
6482,9
6483,6
6484,5
6485,6
6486,1
6487,1
6488,12
6489,1
6490,10
6491,9
6492,2
6493,7
6494,3
6495,1
6496,1
6497,5
6498,6
6499,7
6500,3
6501,9
6502,2
6503,2
6504,4
6505,6
6506,1
6507,3
6508,9
6509,7
6510,7
6511,2
6512,6
6513,9
6514,3
6515,1
6516,1
6517,3
6518,3
6519,2
6520,15
6521,5
6522,4
6523,1
6524,2
6525,4
6526,9
6527,10
6528,2
6529,3
6530,8
6531,2
6532,5
6533,13
6534,5
6535,9
6536,2
6537,3
6538,2
6539,6
6540,3
6541,2
6542,4
6543,1
6544,4
6545,1
6546,5
6547,5
6548,13
6549,6
6550,5
6551,13
6552,7
6553,8
6554,6
6555,18
6556,3
6557,2
6558,7
6559,1
6560,3
6561,5
6562,12
6563,5
6564,3
6565,2
6566,8
6567,1
6568,1
6569,7
6570,4
6571,4
6572,9
6573,11
6574,3
6575,2
6576,1
6577,5
6578,6
6579,7
6580,5
6581,1
6582,14
6583,6
6584,5
6585,5
6586,2
6587,5
6588,2
6589,6
6590,1
6591,1
6592,9
6593,2
6594,4
6595,11
6596,6
6597,2
6598,9
6599,16
6600,2
6601,10
6602,6
6603,2
6604,4
6605,1
6606,1
6607,5
6608,7
6609,7
6610,8
6611,2
6612,10
6613,3
6614,7
6615,1
6616,5
6617,3
6618,11
6619,7
6620,9
6621,6
6622,11
6623,4
6624,2
6625,2
6626,3
6627,2
6628,7
6629,8
6630,8
6631,7
6632,5
6633,7
6634,1
6635,13
6636,2
6637,7
6638,4
6639,5
6640,4
6641,1
6642,4
6643,4
6644,5
6645,2
6646,1
6647,11
6648,10
6649,3
6650,1
6651,3
6652,13
6653,1
6654,2
6655,2
6656,1
6657,5
6658,1
6659,2
6660,4
6661,2
6662,4
6663,3
6664,12
6665,1
6666,4
6667,4
6668,6
6669,4
6670,3
6671,4
6672,3
6673,4
6674,2
6675,8
6676,3
6677,14
6678,1
6679,6
6680,1
6681,2
6682,7
6683,2
6684,13
6685,12
6686,3
6687,1
6688,2
6689,2
6690,1
6691,5
6692,2
6693,3
6694,2
6695,6
6696,8
6697,7
6698,1
6699,6
6700,7
6701,6
6702,1
6703,8
6704,1
6705,3
6706,2
6707,5
6708,7
6709,6
6710,15
6711,9
6712,1
6713,13
6714,1
6715,5
6716,7
6717,5
6718,9
6719,2
6720,8
6721,5
6722,2
6723,4
6724,3
6725,4
6726,1
6727,8
6728,4
6729,11
6730,2
6731,7
6732,3
6733,11
6734,4
6735,8
6736,2
6737,2
6738,6
6739,5
6740,1
6741,3
6742,2
6743,8
6744,1
6745,5
6746,3
6747,1
6748,1
6749,9
6750,5
6751,8
6752,5
6753,1
6754,2
6755,18
6756,3
6757,1
6758,3
6759,3
6760,3
6761,15
6762,3
6763,12
6764,7
6765,2
6766,5
6767,7
6768,7
6769,7
6770,4
6771,10
6772,7
6773,5
6774,3
6775,6
6776,5
6777,5
6778,4
6779,2
6780,4
6781,7
6782,2
6783,4
6784,3
6785,13
6786,6
6787,6
6788,3
6789,2
6790,4
6791,1
6792,4
6793,5
6794,2
6795,5
6796,9
6797,1
6798,6
6799,4
6800,8
6801,5
6802,4
6803,2
6804,12
6805,5
6806,8
6807,5
6808,4
6809,10
6810,3
6811,9
6812,2
6813,4
6814,4
6815,4
6816,5
6817,4
6818,1
6819,6
6820,2
6821,2
6822,1
6823,7
6824,12
6825,2
6826,2
6827,1
6828,16
6829,9
6830,10
6831,2
6832,8
6833,1
6834,4
6835,4
6836,2
6837,2
6838,4
6839,3
6840,4
6841,3
6842,5
6843,7
6844,8
6845,6
6846,4
6847,5
6848,6
6849,5
6850,11
6851,1
6852,7
6853,4
6854,6
6855,1
6856,5
6857,6
6858,14
6859,3
6860,4
6861,1
6862,2
6863,10
6864,3
6865,3
6866,3
6867,4
6868,2
6869,2
6870,1
6871,10
6872,4
6873,2
6874,1
6875,9
6876,4
6877,10
6878,5
6879,7
6880,3
6881,10
6882,4
6883,11
6884,2
6885,3
6886,6
6887,7
6888,3
6889,1
6890,1
6891,1
6892,7
6893,2
6894,2
6895,6
6896,2
6897,2
6898,6
6899,5
6900,8
6901,3
6902,1
6903,1
6904,8
6905,2
6906,13
6907,6
6908,2
6909,1
6910,11
6911,3
6912,9
6913,9
6914,3
6915,3
6916,2
6917,5
6918,13
6919,7
6920,5
6921,6
6922,5
6923,11
6924,3
6925,3
6926,2
6927,3
6928,12
6929,6
6930,1
6931,7
6932,2
6933,3
6934,3
6935,1
6936,2
6937,3
6938,1
6939,8
6940,5
6941,3
6942,1
6943,8
6944,16
6945,1
6946,10
6947,4
6948,3
6949,1
6950,7
6951,5
6952,5
6953,9
6954,1
6955,1
6956,9
6957,4
6958,9
6959,1
6960,2
6961,1
6962,8
6963,5
6964,12
6965,2
6966,5
6967,4
6968,4
6969,5
6970,1
6971,2
6972,5
6973,15
6974,1
6975,1
6976,10
6977,6
6978,6
6979,4
6980,3
6981,3
6982,4
6983,2
6984,5
6985,13
6986,1
6987,1
6988,3
6989,8
6990,10
6991,9
6992,3
6993,3
6994,3
6995,3
6996,11
6997,3
6998,2
6999,1
7000,1
7001,5
7002,7
7003,10
7004,3
7005,1
7006,3
7007,2
7008,9
7009,8
7010,5
7011,3
7012,3
7013,4
7014,9
7015,6
7016,3
7017,1
7018,10
7019,3
7020,4
7021,1
7022,1
7023,1
7024,1
7025,3
7026,1
7027,8
7028,2
7029,4
7030,2
7031,7
7032,8
7033,7
7034,1
7035,5
7036,5
7037,2
7038,1
7039,3
7040,1
7041,2
7042,11
7043,14
7044,9
7045,10
7046,1
7047,14
7048,1
7049,7
7050,1
7051,7
7052,11
7053,1
7054,5
7055,5
7056,2
7057,1
7058,3
7059,6
7060,13
7061,1
7062,3
7063,2
7064,4
7065,6
7066,8
7067,5
7068,2
7069,2
7070,9
7071,1
7072,2
7073,13
7074,5
7075,10
7076,4
7077,5
7078,7
7079,8
7080,3
7081,14
7082,6
7083,1
7084,1
7085,2
7086,1
7087,7
7088,1
7089,2
7090,1
7091,4
7092,10
7093,2
7094,4
7095,4
7096,3
7097,6
7098,11
7099,2
7100,3
7101,2
7102,5
7103,2
7104,1
7105,3
7106,2
7107,9
7108,4
7109,3
7110,5
7111,1
7112,6
7113,1
7114,3
7115,10
7116,3
7117,1
7118,7
7119,2
7120,8
7121,1
7122,1
7123,4
7124,4
7125,2
7126,3
7127,9
7128,5
7129,1
7130,1
7131,1
7132,5
7133,3
7134,9
7135,5
7136,6
7137,3
7138,2
7139,5
7140,4
7141,1
7142,5
7143,12
7144,3
7145,6
7146,1
7147,1
7148,2
7149,5
7150,3
7151,1
7152,10
7153,9
7154,9
7155,1
7156,9
7157,6
7158,1
7159,8
7160,3
7161,4
7162,1
7163,5
7164,1
7165,1
7166,1
7167,2
7168,6
7169,5
7170,6
7171,5
7172,6
7173,15
7174,5
7175,9
7176,10
7177,1
7178,9
7179,3
7180,1
7181,14
7182,13
7183,1
7184,4
7185,4
7186,15
7187,3
7188,6
7189,6
7190,6
7191,3
7192,2
7193,1
7194,1
7195,4
7196,3
7197,8
7198,5
7199,2
7200,4
7201,5
7202,5
7203,11
7204,10
7205,7
7206,13
7207,7
7208,8
7209,5
7210,1
7211,11
7212,1
7213,3
7214,6
7215,4
7216,4
7217,4
7218,2
7219,10
7220,1
7221,1
7222,5
7223,1
7224,1
7225,14
7226,5
7227,3
7228,5
7229,3
7230,8
7231,2
7232,6
7233,2
7234,1
7235,8
7236,2
7237,5
7238,1
7239,3
7240,1
7241,4
7242,12
7243,6
7244,5
7245,2
7246,4
7247,4
7248,2
7249,1
7250,14
7251,11
7252,2
7253,7
7254,2
7255,5
7256,4
7257,10
7258,1
7259,2
7260,2
7261,4
7262,11
7263,1
7264,2
7265,6
7266,6
7267,1
7268,13
7269,1
7270,5
7271,1
7272,14
7273,1
7274,4
7275,6
7276,16
7277,1
7278,7
7279,2
7280,3
7281,8
7282,5
7283,3
7284,7
7285,7
7286,3
7287,1
7288,4
7289,1
7290,1
7291,4
7292,10
7293,10
7294,3
7295,12
7296,5
7297,5
7298,6
7299,3
7300,6
7301,8
7302,8
7303,2
7304,1
7305,3
7306,11
7307,8
7308,6
7309,2
7310,1
7311,1
7312,3
7313,1
7314,7
7315,4
7316,3
7317,8
7318,10
7319,4
7320,2
7321,7
7322,1
7323,8
7324,1
7325,1
7326,4
7327,3
7328,11
7329,1
7330,7
7331,1
7332,3
7333,1
7334,2
7335,7
7336,6
7337,4
7338,3
7339,1
7340,2
7341,11
7342,2
7343,4
7344,2
7345,4
7346,1
7347,2
7348,7
7349,9
7350,4
7351,4
7352,7
7353,4
7354,1
7355,5
7356,3
7357,14
7358,4
7359,4
7360,1
7361,2
7362,2
7363,3
7364,3
7365,4
7366,2
7367,6
7368,14
7369,1
7370,1
7371,5
7372,1
7373,2
7374,5
7375,2
7376,6
7377,4
7378,1
7379,1
7380,3
7381,11
7382,5
7383,10
7384,9
7385,4
7386,1
7387,3
7388,1
7389,3
7390,3
7391,8
7392,5
7393,7
7394,2
7395,1
7396,3
7397,10
7398,5
7399,2
7400,1
7401,11
7402,5
7403,5
7404,2
7405,1
7406,8
7407,3
7408,3
7409,11
7410,4
7411,5
7412,2
7413,9
7414,4
7415,3
7416,7
7417,2
7418,6
7419,1
7420,1
7421,10
7422,2
7423,7
7424,1
7425,1
7426,5
7427,2
7428,5
7429,1
7430,10
7431,7
7432,2
7433,1
7434,5
7435,2
7436,2
7437,1
7438,1
7439,2
7440,3
7441,3
7442,9
7443,2
7444,1
7445,1
7446,2
7447,4
7448,5
7449,3
7450,3
7451,1
7452,2
7453,1
7454,6
7455,10
7456,8
7457,2
7458,10
7459,1
7460,2
7461,5
7462,2
7463,2
7464,4
7465,2
7466,7
7467,3
7468,1
7469,4
7470,8
7471,2
7472,18
7473,7
7474,10
7475,6
7476,1
7477,3
7478,12
7479,4
7480,4
7481,2
7482,4
7483,7
7484,6
7485,3
7486,4
7487,2
7488,14
7489,8
7490,5
7491,2
7492,1
7493,9
7494,5
7495,1
7496,8
7497,2
7498,4
7499,1
7500,2
7501,10
7502,1
7503,5
7504,6
7505,1
7506,4
7507,5
7508,1
7509,9
7510,4
7511,1
7512,5
7513,6
7514,5
7515,5
7516,8
7517,3
7518,13
7519,4
7520,4
7521,1
7522,10
7523,7
7524,5
7525,2
7526,3
7527,11
7528,6
7529,2
7530,16
7531,4
7532,7
7533,3
7534,12
7535,2
7536,2
7537,7
7538,1
7539,5
7540,8
7541,6
7542,6
7543,2
7544,1
7545,16
7546,4
7547,8
7548,6
7549,2
7550,2
7551,3
7552,2
7553,10
7554,8
7555,10
7556,3
7557,13
7558,8
7559,6
7560,7
7561,2
7562,9
7563,2
7564,1
7565,2
7566,2
7567,5
7568,3
7569,16
7570,3
7571,16
7572,2
7573,1
7574,4
7575,3
7576,4
7577,9
7578,2
7579,1
7580,5
7581,2
7582,2
7583,2
7584,1
7585,3
7586,1
7587,2
7588,12
7589,9
7590,12
7591,16
7592,4
7593,4
7594,16
7595,5
7596,2
7597,16
7598,3
7599,4
7600,2
7601,1
7602,5
7603,1
7604,2
7605,5
7606,6
7607,8
7608,6
7609,4
7610,3
7611,2
7612,1
7613,3
7614,1
7615,2
7616,4
7617,12
7618,2
7619,1
7620,5
7621,10
7622,2
7623,4
7624,8
7625,1
7626,6
7627,1
7628,2
7629,2
7630,2
7631,3
7632,6
7633,7
7634,3
7635,8
7636,1
7637,2
7638,2
7639,2
7640,13
7641,2
7642,6
7643,1
7644,3
7645,2
7646,4
7647,8
7648,11
7649,7
7650,4
7651,1
7652,2
7653,13
7654,3
7655,13
7656,2
7657,3
7658,1
7659,8
7660,6
7661,8
7662,1
7663,1
7664,11
7665,5
7666,2
7667,12
7668,1
7669,4
7670,2
7671,6
7672,1
7673,1
7674,5
7675,12
7676,2
7677,1
7678,9
7679,4
7680,4
7681,2
7682,1
7683,2
7684,4
7685,2
7686,3
7687,1
7688,3
7689,4
7690,5
7691,6
7692,2
7693,4
7694,1
7695,14
7696,1
7697,7
7698,3
7699,3
7700,11
7701,1
7702,2
7703,15
7704,3
7705,1
7706,4
7707,13
7708,7
7709,4
7710,2
7711,1
7712,1
7713,1
7714,4
7715,1
7716,5
7717,13
7718,2
7719,3
7720,4
7721,7
7722,2
7723,7
7724,3
7725,2
7726,10
7727,4
7728,2
7729,1
7730,3
7731,1
7732,5
7733,1
7734,2
7735,4
7736,5
7737,15
7738,3
7739,7
7740,2
7741,2
7742,4
7743,3
7744,5
7745,1
7746,11
7747,3
7748,2
7749,3
7750,10
7751,4
7752,2
7753,1
7754,6
7755,3
7756,6
7757,5
7758,9
7759,4
7760,7
7761,6
7762,3
7763,1
7764,8
7765,7
7766,3
7767,2
7768,2
7769,7
7770,12
7771,1
7772,1
7773,4
7774,1
7775,3
7776,1
7777,1
7778,4
7779,2
7780,2
7781,3
7782,15
7783,6
7784,1
7785,2
7786,10
7787,1
7788,1
7789,1
7790,1
7791,12
7792,1
7793,9
7794,4
7795,4
7796,2
7797,1
7798,3
7799,2
7800,6
7801,2
7802,6
7803,6
7804,3
7805,6
7806,1
7807,16
7808,2
7809,3
7810,11
7811,7
7812,1
7813,4
7814,1
7815,4
7816,1
7817,7
7818,1
7819,2
7820,1
7821,2
7822,2
7823,1
7824,10
7825,3
7826,2
7827,10
7828,8
7829,1
7830,6
7831,4
7832,6
7833,1
7834,10
7835,11
7836,6
7837,10
7838,5
7839,10
7840,15
7841,3
7842,2
7843,1
7844,1
7845,3
7846,1
7847,4
7848,10
7849,1
7850,5
7851,2
7852,1
7853,8
7854,3
7855,1
7856,1
7857,1
7858,4
7859,1
7860,11
7861,3
7862,3
7863,1
7864,2
7865,10
7866,3
7867,1
7868,9
7869,9
7870,1
7871,8
7872,1
7873,11
7874,3
7875,4
7876,4
7877,2
7878,1
7879,2
7880,1
7881,5
7882,9
7883,3
7884,1
7885,4
7886,4
7887,3
7888,1
7889,5
7890,1
7891,4
7892,2
7893,5
7894,9
7895,12
7896,13
7897,2
7898,4
7899,3
7900,6
7901,6
7902,17
7903,1
7904,4
7905,2
7906,5
7907,3
7908,1
7909,4
7910,3
7911,4
7912,2
7913,3
7914,8
7915,1
7916,6
7917,1
7918,10
7919,2
7920,2
7921,3
7922,7
7923,14
7924,5
7925,4
7926,11
7927,12
7928,4
7929,5
7930,1
7931,4
7932,4
7933,1
7934,6
7935,2
7936,3
7937,3
7938,4
7939,9
7940,2
7941,9
7942,2
7943,2
7944,4
7945,11
7946,8
7947,2
7948,5
7949,6
7950,8
7951,1
7952,4
7953,5
7954,10
7955,3
7956,2
7957,7
7958,16
7959,1
7960,2
7961,7
7962,2
7963,7
7964,8
7965,3
7966,4
7967,2
7968,2
7969,16
7970,1
7971,1
7972,5
7973,6
7974,8
7975,14
7976,2
7977,2
7978,13
7979,3
7980,3
7981,4
7982,7
7983,2
7984,2
7985,2
7986,4
7987,1
7988,3
7989,3
7990,3
7991,3
7992,2
7993,2
7994,2
7995,2
7996,6
7997,2
7998,3
7999,2
8000,7
8001,1
8002,7
8003,14
8004,4
8005,5
8006,4
8007,6
8008,4
8009,9
8010,3
8011,5
8012,3
8013,4
8014,2
8015,2
8016,1
8017,11
8018,10
8019,5
8020,2
8021,7
8022,2
8023,1
8024,4
8025,16
8026,4
8027,4
8028,10
8029,4
8030,10
8031,2
8032,5
8033,9
8034,2
8035,1
8036,6
8037,6
8038,1
8039,6
8040,3
8041,13
8042,2
8043,1
8044,3
8045,1
8046,6
8047,4
8048,10
8049,6
8050,1
8051,6
8052,4
8053,3
8054,5
8055,6
8056,6
8057,9
8058,8
8059,5
8060,3
8061,1
8062,3
8063,2
8064,3
8065,4
8066,1
8067,1
8068,3
8069,5
8070,3
8071,7
8072,4
8073,6
8074,8
8075,4
8076,9
8077,3
8078,4
8079,2
8080,6
8081,4
8082,1
8083,5
8084,16
8085,2
8086,1
8087,3
8088,2
8089,9
8090,1
8091,2
8092,3
8093,4
8094,4
8095,6
8096,6
8097,5
8098,1
8099,3
8100,16
8101,6
8102,8
8103,1
8104,2
8105,2
8106,8
8107,1
8108,1
8109,1
8110,5
8111,3
8112,3
8113,3
8114,8
8115,2
8116,5
8117,2
8118,1
8119,1
8120,13
8121,3
8122,2
8123,1
8124,11
8125,2
8126,3
8127,8
8128,6
8129,6
8130,5
8131,12
8132,12
8133,12
8134,2
8135,4
8136,3
8137,3
8138,6
8139,4
8140,3
8141,11
8142,11
8143,9
8144,2
8145,4
8146,5
8147,1
8148,9
8149,2
8150,5
8151,2
8152,2
8153,5
8154,7
8155,4
8156,3
8157,1
8158,8
8159,2
8160,5
8161,2
8162,8
8163,5
8164,7
8165,3
8166,3
8167,1
8168,1
8169,2
8170,4
8171,2
8172,3
8173,6
8174,2
8175,3
8176,11
8177,5
8178,1
8179,1
8180,2
8181,4
8182,4
8183,6
8184,10
8185,6
8186,7
8187,4
8188,7
8189,6
8190,17
8191,2
8192,3
8193,7
8194,5
8195,5
8196,1
8197,1
8198,3
8199,5
8200,13
8201,10
8202,5
8203,11
8204,1
8205,11
8206,12
8207,1
8208,3
8209,7
8210,3
8211,5
8212,1
8213,3
8214,5
8215,7
8216,1
8217,2
8218,1
8219,3
8220,1
8221,10
8222,3
8223,9
8224,6
8225,10
8226,2
8227,1
8228,5
8229,2
8230,1
8231,1
8232,8
8233,9
8234,1
8235,5
8236,2
8237,4
8238,2
8239,3
8240,4
8241,14
8242,6
8243,2
8244,1
8245,3
8246,4
8247,7
8248,3
8249,1
8250,14
8251,3
8252,1
8253,2
8254,11
8255,3
8256,3
8257,2
8258,5
8259,6
8260,1
8261,2
8262,4
8263,19
8264,10
8265,6
8266,11
8267,1
8268,1
8269,2
8270,6
8271,1
8272,2
8273,1
8274,6
8275,2
8276,2
8277,3
8278,7
8279,2
8280,2
8281,4
8282,2
8283,8
8284,5
8285,3
8286,1
8287,6
8288,3
8289,2
8290,2
8291,2
8292,2
8293,3
8294,11
8295,2
8296,3
8297,4
8298,13
8299,9
8300,3
8301,15
8302,9
8303,1
8304,2
8305,4
8306,1
8307,4
8308,4
8309,3
8310,1
8311,2
8312,12
8313,2
8314,1
8315,2
8316,10
8317,3
8318,6
8319,2
8320,4
8321,3
8322,1
8323,6
8324,10
8325,1
8326,8
8327,1
8328,14
8329,2
8330,3
8331,10
8332,14
8333,12
8334,2
8335,17
8336,4
8337,3
8338,2
8339,1
8340,2
8341,9
8342,9
8343,8
8344,2
8345,5
8346,13
8347,8
8348,1
8349,6
8350,15
8351,5
8352,1
8353,2
8354,14
8355,8
8356,1
8357,12
8358,2
8359,5
8360,1
8361,2
8362,1
8363,3
8364,1
8365,16
8366,2
8367,5
8368,13
8369,1
8370,6
8371,1
8372,2
8373,2
8374,11
8375,6
8376,1
8377,6
8378,2
8379,3
8380,3
8381,6
8382,5
8383,1
8384,1
8385,2
8386,3
8387,2
8388,2
8389,8
8390,2
8391,7
8392,8
8393,12
8394,4
8395,9
8396,6
8397,8
8398,1
8399,5
8400,10
8401,5
8402,3
8403,4
8404,1
8405,4
8406,4
8407,4
8408,9
8409,3
8410,2
8411,10
8412,4
8413,1
8414,3
8415,4
8416,4
8417,5
8418,5
8419,1
8420,16
8421,3
8422,8
8423,5
8424,4
8425,7
8426,5
8427,3
8428,9
8429,9
8430,3
8431,7
8432,4
8433,2
8434,6
8435,1
8436,11
8437,10
8438,14
8439,2
8440,1
8441,5
8442,2
8443,3
8444,4
8445,2
8446,4
8447,6
8448,14
8449,1
8450,2
8451,2
8452,2
8453,1
8454,3
8455,3
8456,4
8457,5
8458,5
8459,5
8460,17
8461,2
8462,5
8463,6
8464,1
8465,3
8466,19
8467,2
8468,11
8469,4
8470,18
8471,1
8472,2
8473,6
8474,1
8475,14
8476,1
8477,3
8478,2
8479,3
8480,8
8481,4
8482,15
8483,2
8484,3
8485,1
8486,6
8487,1
8488,1
8489,2
8490,3
8491,15
8492,1
8493,4
8494,8
8495,5
8496,4
8497,5
8498,4
8499,1
8500,6
8501,9
8502,1
8503,1
8504,4
8505,3
8506,5
8507,1
8508,9
8509,12
8510,13
8511,3
8512,4
8513,1
8514,7
8515,2
8516,1
8517,1
8518,10
8519,8
8520,1
8521,3
8522,3
8523,2
8524,5
8525,1
8526,3
8527,4
8528,1
8529,1
8530,4
8531,2
8532,12
8533,9
8534,1
8535,6
8536,10
8537,3
8538,10
8539,8
8540,1
8541,3
8542,10
8543,2
8544,5
8545,11
8546,6
8547,15
8548,2
8549,2
8550,11
8551,5
8552,2
8553,2
8554,2
8555,10
8556,1
8557,12
8558,2
8559,1
8560,10
8561,1
8562,3
8563,2
8564,8
8565,2
8566,2
8567,2
8568,3
8569,4
8570,5
8571,3
8572,10
8573,8
8574,8
8575,3
8576,8
8577,1
8578,13
8579,3
8580,5
8581,14
8582,3
8583,3
8584,1
8585,5
8586,11
8587,3
8588,10
8589,7
8590,8
8591,9
8592,2
8593,18
8594,5
8595,14
8596,3
8597,16
8598,1
8599,2
8600,7
8601,1
8602,16
8603,5
8604,2
8605,1
8606,1
8607,5
8608,1
8609,7
8610,3
8611,3
8612,2
8613,3
8614,2
8615,5
8616,5
8617,4
8618,1
8619,5
8620,2
8621,6
8622,1
8623,13
8624,2
8625,6
8626,2
8627,3
8628,2
8629,5
8630,3
8631,5
8632,1
8633,4
8634,3
8635,2
8636,2
8637,3
8638,1
8639,4
8640,9
8641,9
8642,7
8643,6
8644,5
8645,4
8646,2
8647,1
8648,2
8649,6
8650,2
8651,6
8652,6
8653,10
8654,7
8655,2
8656,3
8657,16
8658,2
8659,1
8660,3
8661,8
8662,7
8663,6
8664,7
8665,1
8666,2
8667,4
8668,3
8669,2
8670,4
8671,6
8672,3
8673,2
8674,11
8675,5
8676,10
8677,2
8678,2
8679,4
8680,6
8681,1
8682,5
8683,12
8684,3
8685,7
8686,4
8687,8
8688,11
8689,4
8690,1
8691,8
8692,11
8693,2
8694,1
8695,9
8696,8
8697,3
8698,12
8699,6
8700,4
8701,7
8702,1
8703,3
8704,1
8705,5
8706,3
8707,10
8708,17
8709,12
8710,3
8711,1
8712,1
8713,15
8714,1
8715,12
8716,6
8717,5
8718,5
8719,2
8720,6
8721,5
8722,3
8723,9
8724,2
8725,2
8726,2
8727,2
8728,11
8729,8
8730,6
8731,2
8732,3
8733,11
8734,1
8735,8
8736,8
8737,5
8738,1
8739,8
8740,11
8741,3
8742,1
8743,3
8744,2
8745,6
8746,7
8747,9
8748,1
8749,10
8750,5
8751,6
8752,10
8753,3
8754,4
8755,1
8756,3
8757,4
8758,5
8759,3
8760,5
8761,1
8762,4
8763,4
8764,3
8765,6
8766,15
8767,3
8768,3
8769,2
8770,10
8771,7
8772,4
8773,3
8774,9
8775,4
8776,4
8777,9
8778,3
8779,1
8780,2
8781,12
8782,5
8783,14
8784,1
8785,9
8786,7
8787,2
8788,13
8789,2
8790,3
8791,11
8792,2
8793,11
8794,11
8795,5
8796,13
8797,4
8798,3
8799,3
8800,3
8801,6
8802,7
8803,12
8804,1
8805,2
8806,3
8807,1
8808,1
8809,11
8810,1
8811,1
8812,7
8813,9
8814,9
8815,2
8816,5
8817,16
8818,15
8819,1
8820,3
8821,2
8822,9
8823,1
8824,2
8825,6
8826,1
8827,3
8828,3
8829,5
8830,2
8831,4
8832,6
8833,3
8834,2
8835,3
8836,2
8837,1
8838,8
8839,12
8840,5
8841,1
8842,7
8843,5
8844,2
8845,1
8846,1
8847,5
8848,4
8849,5
8850,14
8851,1
8852,2
8853,3
8854,10
8855,9
8856,6
8857,1
8858,2
8859,3
8860,6
8861,5
8862,3
8863,4
8864,15
8865,2
8866,3
8867,4
8868,3
8869,1
8870,1
8871,1
8872,2
8873,6
8874,1
8875,1
8876,5
8877,4
8878,1
8879,3
8880,10
8881,1
8882,2
8883,6
8884,5
8885,4
8886,10
8887,2
8888,7
8889,2
8890,2
8891,10
8892,2
8893,6
8894,3
8895,4
8896,4
8897,3
8898,1
8899,3
8900,3
8901,1
8902,3
8903,14
8904,4
8905,1
8906,6
8907,2
8908,7
8909,8
8910,2
8911,5
8912,2
8913,4
8914,5
8915,3
8916,3
8917,2
8918,4
8919,4
8920,4
8921,5
8922,11
8923,7
8924,9
8925,9
8926,3
8927,3
8928,1
8929,12
8930,1
8931,9
8932,2
8933,1
8934,2
8935,2
8936,1
8937,2
8938,1
8939,11
8940,6
8941,1
8942,8
8943,3
8944,1
8945,1
8946,7
8947,1
8948,6
8949,5
8950,5
8951,5
8952,5
8953,1
8954,1
8955,1
8956,10
8957,8
8958,2
8959,10
8960,4
8961,1
8962,1
8963,5
8964,1
8965,3
8966,4
8967,3
8968,12
8969,3
8970,10
8971,1
8972,2
8973,5
8974,4
8975,1
8976,2
8977,15
8978,10
8979,2
8980,2
8981,7
8982,2
8983,1
8984,7
8985,2
8986,2
8987,8
8988,7
8989,10
8990,2
8991,3
8992,1
8993,9
8994,12
8995,10
8996,1
8997,2
8998,2
8999,1
9000,1
9001,1
9002,3
9003,2
9004,6
9005,2
9006,9
9007,8
9008,1
9009,1
9010,5
9011,3
9012,2
9013,3
9014,7
9015,2
9016,14
9017,7
9018,2
9019,8
9020,4
9021,1
9022,8
9023,15
9024,4
9025,1
9026,3
9027,7
9028,5
9029,6
9030,7
9031,15
9032,1
9033,7
9034,13
9035,2
9036,1
9037,4
9038,10
9039,1
9040,11
9041,3
9042,4
9043,5
9044,5
9045,3
9046,3
9047,4
9048,4
9049,6
9050,4
9051,2
9052,5
9053,13
9054,9
9055,3
9056,2
9057,2
9058,5
9059,2
9060,11
9061,6
9062,7
9063,12
9064,7
9065,1
9066,5
9067,3
9068,1
9069,3
9070,10
9071,4
9072,9
9073,1
9074,2
9075,1
9076,2
9077,5
9078,3
9079,2
9080,1
9081,2
9082,2
9083,6
9084,2
9085,1
9086,1
9087,2
9088,10
9089,1
9090,9
9091,9
9092,8
9093,2
9094,10
9095,1
9096,7
9097,3
9098,4
9099,10
9100,1
9101,5
9102,2
9103,5
9104,4
9105,1
9106,1
9107,4
9108,4
9109,4
9110,15
9111,7
9112,6
9113,2
9114,1
9115,7
9116,1
9117,2
9118,4
9119,6
9120,2
9121,2
9122,7
9123,1
9124,7
9125,4
9126,4
9127,7
9128,1
9129,3
9130,3
9131,1
9132,3
9133,8
9134,8
9135,4
9136,2
9137,5
9138,10
9139,5
9140,2
9141,1
9142,7
9143,3
9144,9
9145,1
9146,6
9147,5
9148,1
9149,1
9150,5
9151,10
9152,4
9153,3
9154,4
9155,3
9156,12
9157,3
9158,3
9159,2
9160,6
9161,4
9162,12
9163,1
9164,5
9165,8
9166,2
9167,10
9168,8
9169,2
9170,10
9171,8
9172,1
9173,2
9174,2
9175,2
9176,2
9177,2
9178,2
9179,4
9180,5
9181,4
9182,1
9183,10
9184,16
9185,1
9186,3
9187,3
9188,4
9189,1
9190,1
9191,2
9192,1
9193,10
9194,5
9195,11
9196,2
9197,4
9198,4
9199,3
9200,1
9201,4
9202,19
9203,5
9204,6
9205,17
9206,5
9207,2
9208,1
9209,3
9210,6
9211,4
9212,12
9213,1
9214,10
9215,5
9216,2
9217,2
9218,8
9219,11
9220,17
9221,13
9222,9
9223,2
9224,14
9225,8
9226,2
9227,2
9228,6
9229,5
9230,3
9231,2
9232,4
9233,3
9234,1
9235,7
9236,8
9237,3
9238,6
9239,2
9240,2
9241,2
9242,12
9243,2
9244,2
9245,6
9246,1
9247,3
9248,1
9249,5
9250,4
9251,9
9252,7
9253,5
9254,1
9255,7
9256,4
9257,2
9258,1
9259,3
9260,2
9261,3
9262,11
9263,6
9264,6
9265,1
9266,2
9267,4
9268,13
9269,2
9270,1
9271,4
9272,11
9273,1
9274,4
9275,7
9276,6
9277,3
9278,4
9279,1
9280,11
9281,2
9282,3
9283,4
9284,2
9285,1
9286,6
9287,1
9288,1
9289,2
9290,1
9291,6
9292,2
9293,1
9294,9
9295,12
9296,11
9297,2
9298,2
9299,8
9300,4
9301,6
9302,7
9303,4
9304,4
9305,7
9306,4
9307,6
9308,1
9309,2
9310,5
9311,1
9312,6
9313,7
9314,7
9315,3
9316,8
9317,3
9318,2
9319,5
9320,2
9321,10
9322,1
9323,5
9324,8
9325,1
9326,3
9327,2
9328,1
9329,7
9330,1
9331,3
9332,1
9333,6
9334,4
9335,15
9336,1
9337,5
9338,13
9339,6
9340,11
9341,1
9342,2
9343,2
9344,13
9345,8
9346,1
9347,1
9348,7
9349,8
9350,3
9351,10
9352,1
9353,6
9354,7
9355,3
9356,1
9357,2
9358,1
9359,6
9360,5
9361,4
9362,2
9363,3
9364,2
9365,7
9366,2
9367,4
9368,1
9369,1
9370,9
9371,3
9372,2
9373,2
9374,5
9375,4
9376,9
9377,6
9378,3
9379,2
9380,7
9381,4
9382,4
9383,1
9384,1
9385,4
9386,2
9387,3
9388,5
9389,2
9390,1
9391,5
9392,2
9393,1
9394,1
9395,11
9396,7
9397,1
9398,3
9399,4
9400,3
9401,3
9402,3
9403,2
9404,11
9405,9
9406,7
9407,1
9408,10
9409,11
9410,11
9411,3
9412,5
9413,4
9414,3
9415,9
9416,3
9417,1
9418,4
9419,10
9420,8
9421,1
9422,1
9423,7
9424,5
9425,3
9426,9
9427,3
9428,6
9429,5
9430,2
9431,7
9432,2
9433,9
9434,2
9435,6
9436,11
9437,7
9438,9
9439,14
9440,11
9441,1
9442,5
9443,8
9444,1
9445,15
9446,3
9447,11
9448,3
9449,4
9450,1
9451,3
9452,3
9453,2
9454,3
9455,5
9456,10
9457,3
9458,2
9459,2
9460,4
9461,1
9462,9
9463,3
9464,4
9465,1
9466,1
9467,3
9468,4
9469,1
9470,1
9471,1
9472,8
9473,4
9474,4
9475,2
9476,3
9477,2
9478,8
9479,1
9480,1
9481,6
9482,2
9483,6
9484,6
9485,14
9486,1
9487,2
9488,4
9489,1
9490,6
9491,1
9492,2
9493,1
9494,3
9495,6
9496,7
9497,12
9498,10
9499,10
9500,12
9501,5
9502,12
9503,2
9504,7
9505,3
9506,13
9507,1
9508,2
9509,7
9510,4
9511,7
9512,7
9513,3
9514,6
9515,4
9516,5
9517,1
9518,1
9519,11
9520,8
9521,1
9522,3
9523,2
9524,8
9525,5
9526,3
9527,1
9528,12
9529,12
9530,1
9531,1
9532,2
9533,7
9534,7
9535,1
9536,2
9537,6
9538,13
9539,5
9540,1
9541,4
9542,2
9543,6
9544,10
9545,3
9546,1
9547,2
9548,10
9549,1
9550,4
9551,6
9552,7
9553,5
9554,5
9555,4
9556,4
9557,3
9558,9
9559,8
9560,6
9561,3
9562,6
9563,9
9564,3
9565,10
9566,9
9567,2
9568,15
9569,11
9570,6
9571,3
9572,2
9573,2
9574,7
9575,1
9576,6
9577,3
9578,5
9579,1
9580,7
9581,5
9582,3
9583,11
9584,2
9585,4
9586,3
9587,5
9588,12
9589,4
9590,2
9591,8
9592,10
9593,2
9594,6
9595,3
9596,2
9597,1
9598,1
9599,1
9600,2
9601,2
9602,3
9603,2
9604,4
9605,4
9606,10
9607,3
9608,2
9609,18
9610,7
9611,1
9612,1
9613,7
9614,4
9615,7
9616,2
9617,1
9618,1
9619,18
9620,1
9621,1
9622,1
9623,5
9624,3
9625,4
9626,1
9627,3
9628,13
9629,9
9630,1
9631,1
9632,11
9633,1
9634,4
9635,9
9636,4
9637,9
9638,4
9639,3
9640,2
9641,1
9642,2
9643,1
9644,2
9645,6
9646,2
9647,8
9648,3
9649,3
9650,1
9651,4
9652,1
9653,2
9654,1
9655,15
9656,1
9657,3
9658,1
9659,4
9660,5
9661,2
9662,6
9663,4
9664,15
9665,1
9666,8
9667,1
9668,1
9669,1
9670,5
9671,12
9672,2
9673,4
9674,4
9675,13
9676,3
9677,15
9678,13
9679,1
9680,10
9681,4
9682,7
9683,13
9684,2
9685,2
9686,9
9687,9
9688,8
9689,2
9690,12
9691,2
9692,6
9693,1
9694,13
9695,8
9696,2
9697,1
9698,3
9699,3
9700,11
9701,2
9702,2
9703,2
9704,8
9705,1
9706,1
9707,4
9708,8
9709,9
9710,4
9711,6
9712,2
9713,3
9714,7
9715,3
9716,15
9717,2
9718,6
9719,5
9720,4
9721,5
9722,3
9723,6
9724,17
9725,9
9726,2
9727,13
9728,2
9729,15
9730,10
9731,2
9732,5
9733,1
9734,6
9735,10
9736,7
9737,1
9738,11
9739,1
9740,3
9741,3
9742,3
9743,3
9744,3
9745,5
9746,3
9747,1
9748,5
9749,3
9750,9
9751,5
9752,5
9753,8
9754,5
9755,5
9756,8
9757,4
9758,1
9759,4
9760,9
9761,7
9762,2
9763,3
9764,6
9765,2
9766,5
9767,3
9768,2
9769,2
9770,3
9771,4
9772,4
9773,3
9774,5
9775,13
9776,1
9777,1
9778,1
9779,3
9780,7
9781,2
9782,2
9783,3
9784,3
9785,3
9786,13
9787,2
9788,4
9789,1
9790,7
9791,2
9792,3
9793,7
9794,9
9795,1
9796,6
9797,8
9798,2
9799,4
9800,10
9801,2
9802,3
9803,1
9804,1
9805,13
9806,1
9807,5
9808,2
9809,7
9810,5
9811,11
9812,1
9813,9
9814,1
9815,2
9816,1
9817,3
9818,4
9819,1
9820,16
9821,10
9822,10
9823,4
9824,1
9825,7
9826,5
9827,6
9828,4
9829,13
9830,3
9831,1
9832,2
9833,9
9834,8
9835,4
9836,8
9837,1
9838,14
9839,16
9840,8
9841,8
9842,9
9843,14
9844,2
9845,3
9846,5
9847,6
9848,3
9849,8
9850,9
9851,4
9852,2
9853,2
9854,1
9855,2
9856,18
9857,2
9858,2
9859,1
9860,5
9861,5
9862,1
9863,4
9864,9
9865,4
9866,3
9867,5
9868,4
9869,4
9870,6
9871,1
9872,3
9873,2
9874,4
9875,1
9876,8
9877,6
9878,2
9879,3
9880,2
9881,6
9882,6
9883,5
9884,1
9885,1
9886,8
9887,9
9888,1
9889,3
9890,4
9891,10
9892,3
9893,5
9894,2
9895,3
9896,2
9897,3
9898,8
9899,3
9900,7
9901,3
9902,2
9903,6
9904,4
9905,1
9906,2
9907,4
9908,4
9909,8
9910,4
9911,6
9912,1
9913,5
9914,2
9915,2
9916,1
9917,1
9918,14
9919,14
9920,2
9921,9
9922,1
9923,1
9924,3
9925,2
9926,17
9927,13
9928,1
9929,3
9930,1
9931,2
9932,4
9933,2
9934,8
9935,4
9936,7
9937,1
9938,5
9939,1
9940,1
9941,3
9942,5
9943,2
9944,6
9945,2
9946,1
9947,2
9948,10
9949,3
9950,1
9951,3
9952,18
9953,8
9954,4
9955,5
9956,10
9957,1
9958,6
9959,8
9960,13
9961,6
9962,4
9963,4
9964,2
9965,5
9966,11
9967,1
9968,2
9969,2
9970,2
9971,2
9972,4
9973,4
9974,5
9975,3
9976,4
9977,5
9978,2
9979,1
9980,5
9981,1
9982,8
9983,2
9984,8
9985,11
9986,8
9987,2
9988,2
9989,3
9990,13
9991,19
9992,2
9993,3
9994,12
9995,5
9996,4
9997,2
9998,1
9999,3
10000,4
10001,3
10002,6
10003,5
10004,4
10005,1
10006,4
10007,5
10008,2
10009,4
10010,10
10011,2
10012,1
10013,6
10014,1
10015,1
10016,8
10017,4
10018,3
10019,1
10020,2
10021,5
10022,1
10023,6
10024,4
10025,3
10026,7
10027,4
10028,8
10029,3
10030,7
10031,6
10032,3
10033,7
10034,6
10035,3
10036,2
10037,6
10038,5
10039,2
10040,3
10041,6
10042,4
10043,3
10044,1
10045,2
10046,1
10047,13
10048,9
10049,11
10050,12
10051,4
10052,13
10053,5
10054,4
10055,2
10056,5
10057,1
10058,1
10059,4
10060,2
10061,3
10062,2
10063,5
10064,5
10065,2
10066,1
10067,2
10068,2
10069,1
10070,6
10071,5
10072,2
10073,6
10074,1
10075,3
10076,3
10077,2
10078,6
10079,1
10080,2
10081,8
10082,9
10083,7
10084,6
10085,1
10086,8
10087,1
10088,8
10089,12
10090,4
10091,6
10092,7
10093,2
10094,1
10095,1
10096,1
10097,1
10098,3
10099,4
10100,9
10101,1
10102,2
10103,9
10104,3
10105,17
10106,12
10107,9
10108,6
10109,11
10110,5
10111,3
10112,6
10113,4
10114,9
10115,6
10116,2
10117,5
10118,3
10119,6
10120,3
10121,1
10122,1
10123,4
10124,6
10125,1
10126,3
10127,1
10128,2
10129,2
10130,3
10131,14
10132,1
10133,11
10134,4
10135,3
10136,4
10137,3
10138,11
10139,2
10140,2
10141,6
10142,10
10143,7
10144,1
10145,3
10146,9
10147,9
10148,3
10149,1
10150,2
10151,7
10152,9
10153,6
10154,1
10155,4
10156,4
10157,3
10158,4
10159,10
10160,9
10161,6
10162,2
10163,2
10164,6
10165,2
10166,12
10167,3
10168,3
10169,6
10170,2
10171,9
10172,2
10173,5
10174,3
10175,1
10176,7
10177,12
10178,1
10179,4
10180,3
10181,4
10182,2
10183,3
10184,8
10185,3
10186,2
10187,2
10188,1
10189,2
10190,1
10191,2
10192,5
10193,5
10194,18
10195,4
10196,10
10197,1
10198,4
10199,2
10200,1
10201,13
10202,1
10203,1
10204,4
10205,4
10206,2
10207,5
10208,2
10209,2
10210,3
10211,5
10212,1
10213,1
10214,3
10215,2
10216,3
10217,9
10218,6
10219,4
10220,5
10221,8
10222,6
10223,13
10224,13
10225,2
10226,2
10227,3
10228,1
10229,11
10230,2
10231,1
10232,3
10233,2
10234,2
10235,4
10236,10
10237,4
10238,2
10239,5
10240,2
10241,4
10242,8
10243,5
10244,2
10245,1
10246,4
10247,1
10248,7
10249,1
10250,3
10251,3
10252,4
10253,1
10254,2
10255,2
10256,3
10257,1
10258,7
10259,5
10260,1
10261,6
10262,4
10263,19
10264,1
10265,3
10266,11
10267,12
10268,7
10269,1
10270,3
10271,12
10272,2
10273,1
10274,2
10275,5
10276,2
10277,3
10278,3
10279,8
10280,8
10281,12
10282,7
10283,4
10284,4
10285,3
10286,3
10287,3
10288,15
10289,4
10290,1
10291,1
10292,3
10293,2
10294,9
10295,3
10296,15
10297,1
10298,1
10299,1
10300,9
10301,2
10302,3
10303,2
10304,4
10305,3
10306,12
10307,5
10308,3
10309,2
10310,2
10311,1
10312,4
10313,11
10314,2
10315,3
10316,3
10317,6
10318,6
10319,4
10320,11
10321,6
10322,5
10323,3
10324,1
10325,3
10326,5
10327,3
10328,2
10329,18
10330,3
10331,2
10332,4
10333,13
10334,4
10335,3
10336,1
10337,3
10338,3
10339,15
10340,3
10341,1
10342,1
10343,14
10344,5
10345,1
10346,2
10347,9
10348,3
10349,1
10350,3
10351,1
10352,1
10353,4
10354,4
10355,4
10356,15
10357,3
10358,1
10359,11
10360,1
10361,3
10362,2
10363,6
10364,8
10365,1
10366,3
10367,2
10368,7
10369,4
10370,4
10371,4
10372,1
10373,5
10374,4
10375,11
10376,5
10377,2
10378,4
10379,5
10380,1
10381,2
10382,9
10383,2
10384,6
10385,11
10386,3
10387,2
10388,3
10389,5
10390,4
10391,5
10392,2
10393,3
10394,7
10395,6
10396,4
10397,10
10398,5
10399,3
10400,11
10401,5
10402,14
10403,9
10404,3
10405,1
10406,4
10407,1
10408,3
10409,1
10410,2
10411,7
10412,4
10413,4
10414,6
10415,2
10416,5
10417,4
10418,2
10419,6
10420,6
10421,5
10422,7
10423,17
10424,1
10425,7
10426,1
10427,2
10428,5
10429,1
10430,4
10431,5
10432,1
10433,2
10434,2
10435,3
10436,1
10437,5
10438,2
10439,10
10440,7
10441,2
10442,2
10443,1
10444,2
10445,1
10446,6
10447,2
10448,3
10449,12
10450,11
10451,5
10452,3
10453,3
10454,2
10455,11
10456,2
10457,4
10458,3
10459,2
10460,6
10461,10
10462,7
10463,2
10464,11
10465,5
10466,5
10467,10
10468,11
10469,3
10470,2
10471,14
10472,5
10473,5
10474,4
10475,6
10476,1
10477,2
10478,10
10479,3
10480,2
10481,3
10482,1
10483,3
10484,10
10485,6
10486,2
10487,9
10488,1
10489,1
10490,1
10491,4
10492,3
10493,7
10494,1
10495,2
10496,5
10497,9
10498,7
10499,1
10500,3
10501,3
10502,4
10503,1
10504,5
10505,3
10506,2
10507,4
10508,1
10509,7
10510,11
10511,9
10512,1
10513,1
10514,6
10515,4
10516,5
10517,3
10518,9
10519,15
10520,2
10521,5
10522,2
10523,1
10524,3
10525,6
10526,2
10527,1
10528,1
10529,4
10530,11
10531,8
10532,4
10533,10
10534,5
10535,11
10536,1
10537,1
10538,2
10539,1
10540,5
10541,3
10542,7
10543,2
10544,2
10545,3
10546,6
10547,5
10548,10
10549,3
10550,2
10551,2
10552,2
10553,6
10554,4
10555,2
10556,10
10557,4
10558,5
10559,3
10560,3
10561,8
10562,4
10563,11
10564,2
10565,10
10566,5
10567,5
10568,10
10569,3
10570,2
10571,1
10572,3
10573,3
10574,3
10575,2
10576,11
10577,3
10578,8
10579,5
10580,5
10581,1
10582,1
10583,2
10584,2
10585,1
10586,5
10587,13
10588,3
10589,2
10590,9
10591,2
10592,6
10593,3
10594,5
10595,1
10596,3
10597,1
10598,1
10599,7
10600,8
10601,9
10602,1
10603,2
10604,4
10605,17
10606,7
10607,1
10608,1
10609,3
10610,2
10611,1
10612,1
10613,9
10614,4
10615,4
10616,3
10617,2
10618,11
10619,18
10620,6
10621,13
10622,1
10623,3
10624,1
10625,4
10626,4
10627,1
10628,3
10629,3
10630,5
10631,7
10632,4
10633,1
10634,5
10635,2
10636,3
10637,1
10638,1
10639,11
10640,1
10641,4
10642,4
10643,3
10644,5
10645,4
10646,3
10647,6
10648,7
10649,6
10650,2
10651,2
10652,2
10653,5
10654,11
10655,5
10656,2
10657,8
10658,5
10659,13
10660,1
10661,5
10662,1
10663,10
10664,2
10665,5
10666,2
10667,4
10668,11
10669,11
10670,5
10671,1
10672,5
10673,4
10674,1
10675,3
10676,9
10677,2
10678,8
10679,7
10680,2
10681,6
10682,5
10683,2
10684,1
10685,14
10686,3
10687,9
10688,6
10689,2
10690,3
10691,1
10692,11
10693,3
10694,4
10695,11
10696,6
10697,2
10698,4
10699,2
10700,5
10701,4
10702,1
10703,8
10704,5
10705,14
10706,1
10707,7
10708,1
10709,4
10710,8
10711,2
10712,4
10713,3
10714,3
10715,2
10716,1
10717,2
10718,1
10719,15
10720,4
10721,6
10722,3
10723,1
10724,6
10725,2
10726,2
